Time_s,Temperatura_Hotend,RPM_Motor_DC,Grosor_Filamento,Estado_Motor_DC,Estado_Fan,Estado_Extrusor,Estado_Heater
0.0,29.94,0.0,,0,0,0,0
0.1,29.94,0.0,,0,0,0,0
0.2,29.94,0.0,,0,0,0,0
0.3,29.94,0.0,,0,0,0,0
0.4,29.94,0.0,,0,0,0,0
0.5,29.94,0.0,,0,0,0,0
0.6,29.94,0.0,,0,0,0,0
0.7,29.94,0.0,,0,0,0,0
0.8,29.94,0.0,,0,0,0,0
0.9,29.48,0.0,,0,0,0,0
1.0,29.94,0.0,,0,0,0,0
1.1,29.94,0.0,,0,0,0,0
1.2,29.94,0.0,,0,0,0,0
1.3,29.94,0.0,,0,0,0,0
1.4,29.48,0.0,,0,0,0,0
1.5,29.94,0.0,,0,0,0,0
1.6,29.48,0.0,,0,0,0,0
1.7,29.94,0.0,,0,0,0,0
1.8,29.48,0.0,,0,0,0,1
1.9,29.48,0.0,,0,0,0,1
2.0,29.48,0.0,,0,0,0,1
2.1,29.48,0.0,,0,0,0,1
2.2,29.94,0.0,,0,0,0,1
2.3,29.94,0.0,,0,0,0,1
2.4,29.94,0.0,,0,0,0,1
2.5,29.48,0.0,,0,0,0,1
2.6,29.94,0.0,,0,0,0,1
2.7,29.48,0.0,,0,0,0,1
2.8,29.94,0.0,,0,0,0,1
2.9,29.48,0.0,,0,0,0,1
3.0,29.94,0.0,,0,0,0,1
3.1,29.94,0.0,,0,0,0,1
3.2,30.38,0.0,,0,0,0,1
3.3,29.94,0.0,,0,0,0,1
3.4,29.94,0.0,,0,0,0,1
3.5,29.48,0.0,,0,0,0,1
3.6,29.94,0.0,,0,0,0,1
3.7,29.94,0.0,,0,0,0,1
3.8,29.94,0.0,,0,0,0,1
3.9,29.48,0.0,,0,0,0,1
4.0,29.94,0.0,,0,0,0,1
4.1,29.94,0.0,,0,0,0,1
4.2,29.94,0.0,,0,0,0,1
4.3,29.94,0.0,,0,0,0,1
4.4,29.94,0.0,,0,0,0,1
4.5,29.48,0.0,,0,0,0,1
4.6,29.94,0.0,,0,0,0,1
4.7,29.94,0.0,,0,0,0,1
4.8,29.48,0.0,,0,0,0,1
4.9,29.02,0.0,,0,0,0,1
5.0,29.48,0.0,,0,0,0,1
5.1,29.94,0.0,,0,0,0,1
5.2,29.48,0.0,,0,0,0,1
5.3,29.48,0.0,,0,0,0,1
5.4,29.94,0.0,,0,0,0,1
5.5,29.94,0.0,,0,0,0,1
5.6,29.94,0.0,,0,0,0,1
5.7,29.94,0.0,,0,0,0,1
5.8,29.94,0.0,,0,0,0,1
5.9,29.48,0.0,,0,0,0,1
6.0,29.94,0.0,,0,0,0,1
6.1,29.94,0.0,,0,0,0,1
6.2,29.94,0.0,,0,0,0,1
6.3,29.94,0.0,,0,0,0,1
6.4,29.94,0.0,,0,0,0,1
6.5,29.94,0.0,,0,0,0,1
6.6,29.94,0.0,,0,0,0,1
6.7,29.94,0.0,,0,0,0,1
6.8,29.94,0.0,,0,0,0,1
6.9,29.48,0.0,,0,0,0,1
7.0,29.94,0.0,,0,0,0,1
7.1,29.94,0.0,,0,0,0,1
7.2,29.48,0.0,,0,0,0,1
7.3,29.48,0.0,,0,0,0,1
7.4,29.02,0.0,,0,0,0,1
7.5,29.48,0.0,,0,0,0,1
7.6,29.48,0.0,,0,0,0,1
7.7,29.48,0.0,,0,0,0,1
7.8,29.48,0.0,,0,0,0,1
7.9,29.48,0.0,,0,0,0,1
8.0,29.94,0.0,,0,0,0,1
8.1,29.48,0.0,,0,0,0,1
8.2,29.94,0.0,,0,0,0,1
8.3,29.94,0.0,,0,0,0,1
8.4,29.94,0.0,,0,0,0,1
8.5,29.94,0.0,,0,0,0,1
8.6,29.94,0.0,,0,0,0,1
8.7,29.94,0.0,,0,0,0,1
8.8,29.94,0.0,,0,0,0,1
8.9,29.48,0.0,,0,0,0,1
9.0,29.94,0.0,,0,0,0,1
9.1,29.48,0.0,,0,0,0,1
9.2,29.94,0.0,,0,0,0,1
9.3,29.94,0.0,,0,0,0,1
9.4,29.94,0.0,,0,0,0,1
9.5,29.94,0.0,,0,0,0,1
9.6,29.94,0.0,,0,0,0,1
9.7,29.48,0.0,,0,0,0,1
9.8,29.94,0.0,,0,0,0,1
9.9,29.94,0.0,,0,0,0,1
10.0,29.48,0.0,,0,0,0,1
10.1,29.48,0.0,,0,0,0,1
10.2,29.48,0.0,,0,0,0,1
10.3,29.48,0.0,,0,0,0,1
10.4,29.94,0.0,,0,0,0,1
10.5,29.48,0.0,,0,0,0,1
10.6,29.48,0.0,,0,0,0,1
10.7,29.48,0.0,,0,0,0,1
10.8,29.48,0.0,,0,0,0,1
10.9,29.94,0.0,,0,0,0,1
11.0,29.48,0.0,,0,0,0,1
11.1,29.48,0.0,,0,0,0,1
11.2,29.94,0.0,,0,0,0,1
11.3,29.48,0.0,,0,0,0,1
11.4,29.94,0.0,,0,0,0,1
11.5,29.94,0.0,,0,0,0,1
11.6,29.94,0.0,,0,0,0,1
11.7,29.94,0.0,,0,0,0,1
11.8,29.94,0.0,,0,0,0,1
11.9,29.94,0.0,,0,0,0,1
12.0,29.48,0.0,,0,0,0,1
12.1,29.48,0.0,,0,0,0,1
12.2,29.94,0.0,,0,0,0,1
12.3,29.48,0.0,,0,0,0,1
12.4,29.94,0.0,,0,0,0,1
12.5,29.48,0.0,,0,0,0,1
12.6,29.48,0.0,,0,0,0,1
12.7,29.48,0.0,,0,0,0,1
12.8,29.48,0.0,,0,0,0,1
12.9,29.48,0.0,,0,0,0,1
13.0,29.94,0.0,,0,0,0,1
13.1,29.48,0.0,,0,0,0,1
13.2,29.48,0.0,,0,0,0,1
13.3,29.94,0.0,,0,0,0,1
13.4,29.48,0.0,,0,0,0,1
13.5,29.48,0.0,,0,0,0,1
13.6,29.48,0.0,,0,0,0,1
13.7,29.48,0.0,,0,0,0,1
13.8,29.48,0.0,,0,0,0,1
13.9,29.94,0.0,,0,0,0,1
14.0,29.48,0.0,,0,0,0,1
14.1,29.94,0.0,,0,0,0,1
14.2,29.94,0.0,,0,0,0,1
14.3,29.48,0.0,,0,0,0,1
14.4,29.94,0.0,,0,0,0,1
14.5,29.94,0.0,,0,0,0,1
14.6,29.94,0.0,,0,0,0,1
14.7,29.94,0.0,,0,0,0,1
14.8,29.48,0.0,,0,0,0,1
14.9,29.94,0.0,,0,0,0,1
15.0,29.94,0.0,,0,0,0,1
15.1,29.94,0.0,,0,0,0,1
15.2,29.48,0.0,,0,0,0,1
15.3,29.94,0.0,,0,0,0,1
15.4,29.94,0.0,,0,0,0,1
15.5,29.48,0.0,,0,0,0,1
15.6,29.48,0.0,,0,0,0,1
15.7,29.48,0.0,,0,0,0,1
15.8,29.48,0.0,,0,0,0,1
15.9,29.48,0.0,,0,0,0,1
16.0,29.48,0.0,,0,0,0,1
16.1,29.48,0.0,,0,0,0,1
16.2,29.48,0.0,,0,0,0,1
16.3,29.48,0.0,,0,0,0,1
16.4,29.94,0.0,,0,0,0,1
16.5,29.48,0.0,,0,0,0,1
16.6,29.48,0.0,,0,0,0,1
16.7,29.48,0.0,,0,0,0,1
16.8,29.48,0.0,,0,0,0,1
16.9,29.48,0.0,,0,0,0,1
17.0,29.94,0.0,,0,0,0,1
17.1,29.94,0.0,,0,0,0,1
17.2,29.94,0.0,,0,0,0,1
17.3,29.48,0.0,,0,0,0,1
17.4,29.94,0.0,,0,0,0,1
17.5,29.48,0.0,,0,0,0,1
17.6,29.94,0.0,,0,0,0,1
17.7,29.48,0.0,,0,0,0,1
17.8,30.38,0.0,,0,0,0,1
17.9,29.94,0.0,,0,0,0,1
18.0,29.94,0.0,,0,0,0,1
18.1,29.94,0.0,,0,0,0,1
18.2,29.48,0.0,,0,0,0,1
18.3,29.48,0.0,,0,0,0,1
18.4,29.48,0.0,,0,0,0,1
18.5,29.94,0.0,,0,0,0,1
18.6,29.48,0.0,,0,0,0,1
18.7,29.48,0.0,,0,0,0,1
18.8,29.48,0.0,,0,0,0,1
18.9,29.48,0.0,,0,0,0,1
19.0,29.48,0.0,,0,0,0,1
19.1,29.48,0.0,,0,0,0,1
19.2,29.48,0.0,,0,0,0,1
19.3,29.48,0.0,,0,0,0,1
19.4,29.48,0.0,,0,0,0,1
19.5,29.48,0.0,,0,0,0,1
19.6,29.48,0.0,,0,0,0,1
19.7,29.48,0.0,,0,0,0,1
19.8,29.48,0.0,,0,0,0,1
19.9,29.94,0.0,,0,0,0,1
20.0,29.94,0.0,,0,0,0,1
20.1,29.94,0.0,,0,0,0,1
20.2,29.94,0.0,,0,0,0,1
20.3,29.48,0.0,,0,0,0,1
20.4,29.94,0.0,,0,0,0,1
20.5,29.94,0.0,,0,0,0,1
20.6,29.94,0.0,,0,0,0,1
20.7,29.94,0.0,,0,0,0,1
20.8,29.94,0.0,,0,0,0,1
20.9,29.48,0.0,,0,0,0,1
21.0,29.94,0.0,,0,0,0,1
21.1,29.48,0.0,,0,0,0,1
21.2,29.94,0.0,,0,0,0,1
21.3,29.94,0.0,,0,0,0,1
21.4,29.48,0.0,,0,0,0,1
21.5,29.48,0.0,,0,0,0,1
21.6,29.48,0.0,,0,0,0,1
21.7,29.48,0.0,,0,0,0,1
21.8,29.94,0.0,,0,0,0,1
21.9,29.48,0.0,,0,0,0,1
22.0,29.48,0.0,,0,0,0,1
22.1,29.48,0.0,,0,0,0,1
22.2,29.48,0.0,,0,0,0,1
22.3,29.48,0.0,,0,0,0,1
22.4,29.48,0.0,,0,0,0,1
22.5,29.48,0.0,,0,0,0,1
22.6,29.48,0.0,,0,0,0,1
22.7,29.94,0.0,,0,0,0,1
22.8,29.94,0.0,,0,0,0,1
22.9,29.48,0.0,,0,0,0,1
23.0,29.94,0.0,,0,0,0,1
23.1,29.48,0.0,,0,0,0,1
23.2,29.94,0.0,,0,0,0,1
23.3,29.94,0.0,,0,0,0,1
23.4,29.48,0.0,,0,0,0,1
23.5,29.94,0.0,,0,0,0,1
23.6,29.48,0.0,,0,0,0,1
23.7,29.94,0.0,,0,0,0,1
23.8,29.48,0.0,,0,0,0,1
23.9,29.48,0.0,,0,0,0,1
24.0,29.48,0.0,,0,0,0,1
24.1,29.48,0.0,,0,0,0,1
24.2,29.48,0.0,,0,0,0,1
24.3,29.48,0.0,,0,0,0,1
24.4,29.48,0.0,,0,0,0,1
24.5,29.48,0.0,,0,0,0,1
24.6,29.48,0.0,,0,0,0,1
24.7,29.48,0.0,,0,0,0,1
24.8,29.48,0.0,,0,0,0,1
24.9,29.48,0.0,,0,0,0,1
25.0,29.48,0.0,,0,0,0,1
25.1,29.02,0.0,,0,0,0,1
25.2,29.48,0.0,,0,0,0,1
25.3,29.48,0.0,,0,0,0,1
25.4,29.48,0.0,,0,0,0,1
25.5,29.48,0.0,,0,0,0,1
25.6,29.48,0.0,,0,0,0,1
25.7,29.48,0.0,,0,0,0,1
25.8,29.94,0.0,,0,0,0,1
25.9,29.48,0.0,,0,0,0,1
26.0,29.94,0.0,,0,0,0,1
26.1,29.48,0.0,,0,0,0,1
26.2,29.48,0.0,,0,0,0,1
26.3,29.94,0.0,,0,0,0,1
26.4,29.94,0.0,,0,0,0,1
26.5,29.48,0.0,,0,0,0,1
26.6,29.94,0.0,,0,0,0,1
26.7,29.94,0.0,,0,0,0,1
26.8,29.48,0.0,,0,0,0,1
26.9,29.48,0.0,,0,0,0,1
27.0,29.48,0.0,,0,0,0,1
27.1,29.48,0.0,,0,0,0,1
27.2,29.48,0.0,,0,0,0,1
27.3,29.48,0.0,,0,0,0,1
27.4,29.48,0.0,,0,0,0,1
27.5,29.48,0.0,,0,0,0,1
27.6,29.48,0.0,,0,0,0,1
27.7,29.48,0.0,,0,0,0,1
27.8,29.48,0.0,,0,0,0,1
27.9,29.94,0.0,,0,0,0,1
28.0,29.48,0.0,,0,0,0,1
28.1,29.48,0.0,,0,0,0,1
28.2,29.48,0.0,,0,0,0,1
28.3,30.38,0.0,,0,0,0,1
28.4,29.48,0.0,,0,0,0,1
28.5,29.94,0.0,,0,0,0,1
28.6,29.48,0.0,,0,0,0,1
28.7,29.48,0.0,,0,0,0,1
28.8,29.48,0.0,,0,0,0,1
28.9,29.48,0.0,,0,0,0,1
29.0,29.48,0.0,,0,0,0,1
29.1,29.94,0.0,,0,0,0,1
29.2,29.48,0.0,,0,0,0,1
29.3,29.48,0.0,,0,0,0,1
29.4,29.48,0.0,,0,0,0,1
29.5,29.48,0.0,,0,0,0,1
29.6,29.48,0.0,,0,0,0,1
29.7,29.48,0.0,,0,0,0,1
29.8,29.02,0.0,,0,0,0,1
29.9,29.48,0.0,,0,0,0,1
30.0,29.48,0.0,,0,0,0,1
30.1,29.48,0.0,,0,0,0,1
30.2,29.48,0.0,,0,0,0,1
30.3,29.48,0.0,,0,0,0,1
30.4,29.48,0.0,,0,0,0,1
30.5,29.48,0.0,,0,0,0,1
30.6,29.48,0.0,,0,0,0,1
30.7,29.48,0.0,,0,0,0,1
30.8,29.48,0.0,,0,0,0,1
30.9,29.48,0.0,,0,0,0,1
31.0,29.48,0.0,,0,0,0,1
31.1,29.48,0.0,,0,0,0,1
31.2,29.48,0.0,,0,0,0,1
31.3,29.94,0.0,,0,0,0,1
31.4,29.48,0.0,,0,0,0,1
31.5,29.94,0.0,,0,0,0,1
31.6,29.48,0.0,,0,0,0,1
31.7,29.48,0.0,,0,0,0,1
31.8,29.48,0.0,,0,0,0,1
31.9,29.48,0.0,,0,0,0,1
32.0,29.48,0.0,,0,0,0,1
32.1,29.48,0.0,,0,0,0,1
32.2,29.48,0.0,,0,0,0,1
32.3,29.48,0.0,,0,0,0,1
32.4,29.48,0.0,,0,0,0,1
32.5,29.48,0.0,,0,0,0,1
32.6,29.48,0.0,,0,0,0,1
32.7,29.48,0.0,,0,0,0,1
32.8,29.94,0.0,,0,0,0,1
32.9,29.48,0.0,,0,0,0,1
33.0,29.48,0.0,,0,0,0,1
33.1,29.48,0.0,,0,0,0,1
33.2,29.02,0.0,,0,0,0,1
33.3,29.48,0.0,,0,0,0,1
33.4,29.02,0.0,,0,0,0,1
33.5,29.48,0.0,,0,0,0,1
33.6,29.48,0.0,,0,0,0,1
33.7,29.48,0.0,,0,0,0,1
33.8,29.48,0.0,,0,0,0,1
33.9,29.48,0.0,,0,0,0,1
34.0,29.48,0.0,,0,0,0,1
34.1,29.48,0.0,,0,0,0,1
34.2,29.48,0.0,,0,0,0,1
34.3,29.48,0.0,,0,0,0,1
34.4,29.48,0.0,,0,0,0,1
34.5,29.94,0.0,,0,0,0,1
34.6,29.94,0.0,,0,0,0,1
34.7,29.48,0.0,,0,0,0,1
34.8,29.48,0.0,,0,0,0,1
34.9,29.48,0.0,,0,0,0,1
35.0,29.48,0.0,,0,0,0,1
35.1,29.48,0.0,,0,0,0,1
35.2,29.48,0.0,,0,0,0,1
35.3,29.48,0.0,,0,0,0,1
35.4,29.48,0.0,,0,0,0,1
35.5,29.48,0.0,,0,0,0,1
35.6,30.38,0.0,,0,0,0,1
35.7,29.48,0.0,,0,0,0,1
35.8,29.48,0.0,,0,0,0,1
35.9,29.48,0.0,,0,0,0,1
36.0,29.48,0.0,,0,0,0,1
36.1,29.48,0.0,,0,0,0,1
36.2,29.48,0.0,,0,0,0,1
36.3,29.48,0.0,,0,0,0,1
36.4,29.02,0.0,,0,0,0,1
36.5,29.48,0.0,,0,0,0,1
36.6,29.48,0.0,,0,0,0,1
36.7,29.48,0.0,,0,0,0,1
36.8,29.48,0.0,,0,0,0,1
36.9,29.48,0.0,,0,0,0,1
37.0,29.48,0.0,,0,0,0,1
37.1,29.48,0.0,,0,0,0,1
37.2,29.48,0.0,,0,0,0,1
37.3,29.48,0.0,,0,0,0,1
37.4,29.48,0.0,,0,0,0,1
37.5,29.48,0.0,,0,0,0,1
37.6,29.48,0.0,,0,0,0,1
37.7,29.94,0.0,,0,0,0,1
37.8,29.48,0.0,,0,0,0,1
37.9,29.48,0.0,,0,0,0,1
38.0,29.48,0.0,,0,0,0,1
38.1,29.48,0.0,,0,0,0,1
38.2,29.48,0.0,,0,0,0,1
38.3,29.48,0.0,,0,0,0,1
38.4,29.48,0.0,,0,0,0,1
38.5,29.48,0.0,,0,0,0,1
38.6,29.02,0.0,,0,0,0,1
38.7,29.48,0.0,,0,0,0,1
38.8,29.48,0.0,,0,0,0,1
38.9,29.48,0.0,,0,0,0,1
39.0,29.48,0.0,,0,0,0,1
39.1,29.48,0.0,,0,0,0,1
39.2,29.48,0.0,,0,0,0,1
39.3,29.48,0.0,,0,0,0,1
39.4,29.02,0.0,,0,,,
39.5,29.48,0.0,,0,,,
39.6,29.48,0.0,,0,,,
39.7,29.48,0.0,,0,,,
39.8,29.48,0.0,,0,,,
39.9,29.48,0.0,,0,,,
40.0,29.48,0.0,,0,,,
40.1,29.48,0.0,,0,,,
40.2,29.48,0.0,,0,,,
40.3,29.48,0.0,,0,,,
40.4,29.48,0.0,,0,,,
40.5,29.48,0.0,,0,,,
40.6,29.48,0.0,,0,,,
40.7,29.48,0.0,,0,,,
40.8,29.48,0.0,,0,,,
40.9,29.48,0.0,,0,,,
41.0,29.48,0.0,,0,,,
41.1,29.48,0.0,,0,,,
41.2,29.48,0.0,,0,,,
41.3,29.48,0.0,,0,,,
41.4,29.48,0.0,,0,,,
41.5,29.48,0.0,,0,,,
41.6,29.48,0.0,,0,,,
41.7,29.48,0.0,,0,,,
41.8,29.48,0.0,,0,,,
41.9,29.48,0.0,,0,,,
42.0,29.48,0.0,,0,,,
42.1,29.02,0.0,,0,,,
42.2,29.48,0.0,,0,,,
42.3,29.02,0.0,,0,,,
42.4,29.48,0.0,,0,,,
42.5,29.48,0.0,,0,,,
42.6,29.48,0.0,,0,,,
42.7,29.48,0.0,,0,,,
42.8,29.48,0.0,,0,,,
42.9,29.94,0.0,,0,,,
43.0,29.48,0.0,,0,,,
43.1,29.48,0.0,,0,,,
43.2,29.48,0.0,,0,,,
43.3,29.48,0.0,,0,,,
43.4,29.48,0.0,,0,,,
43.5,29.48,0.0,,0,,,
43.6,29.48,0.0,,0,,,
43.7,29.48,0.0,,0,,,
43.8,29.48,0.0,,0,,,
43.9,29.48,0.0,,0,,,
44.0,29.48,0.0,,0,,,
44.1,29.48,0.0,,0,,,
44.2,29.48,0.0,,0,,,
44.3,29.48,0.0,,0,,,
44.4,29.02,0.0,,0,,,
44.5,29.02,0.0,,0,,,
44.6,29.02,0.0,,0,,,
44.7,29.48,0.0,,0,,,
44.8,29.02,0.0,,0,,,
44.9,29.48,0.0,,0,,,
45.0,29.02,0.0,,0,,,
45.1,29.02,0.0,,0,,,
45.2,29.02,0.0,,0,,,
45.3,29.48,0.0,,0,,,
45.4,29.48,0.0,,0,,,
45.5,29.48,0.0,,0,,,
45.6,29.48,0.0,,0,,,
45.7,29.48,0.0,,0,,,
45.8,29.48,0.0,,0,,,
45.9,29.48,0.0,,0,,,
46.0,29.48,0.0,,0,,,
46.1,29.94,0.0,,0,,,
46.2,29.94,0.0,,0,,,
46.3,29.94,0.0,,0,,,
46.4,29.48,0.0,,0,,,
46.5,29.48,0.0,,0,,,
46.6,29.48,0.0,,0,,,
46.7,29.48,0.0,,0,,,
46.8,29.48,0.0,,0,,,
46.9,29.48,0.0,,0,,,
47.0,29.48,0.0,,0,,,
47.1,29.48,0.0,,0,,,
47.2,29.02,0.0,,0,,,
47.3,29.48,0.0,,0,,,
47.4,29.02,0.0,,0,,,
47.5,29.48,0.0,,0,,,
47.6,29.48,0.0,,0,,,
47.7,29.02,0.0,,0,,,
47.8,29.48,0.0,,0,,,
47.9,29.48,0.0,,0,,,
48.0,29.48,0.0,,0,,,
48.1,29.48,0.0,,0,,,
48.2,29.48,0.0,,0,,,
48.3,29.48,0.0,,0,,,
48.4,29.48,0.0,,0,,,
48.5,29.48,0.0,,0,,,
48.6,29.48,0.0,,0,,,
48.7,29.48,0.0,,0,,,
48.8,29.48,0.0,,0,,,
48.9,29.48,0.0,,0,,,
49.0,29.48,0.0,,0,,,
49.1,29.02,0.0,,0,,,
49.2,29.48,0.0,,0,,,
49.3,29.48,0.0,,0,,,
49.4,29.48,0.0,,0,,,
49.5,29.02,0.0,,0,,,
49.6,29.48,0.0,,0,,,
49.7,29.48,0.0,,0,,,
49.8,29.48,0.0,,0,,,
49.9,29.02,0.0,,0,,,
50.0,29.48,0.0,,0,,,
50.1,29.02,0.0,,0,,,
50.2,29.48,0.0,,0,,,
50.3,29.02,0.0,,0,,,
50.4,29.48,0.0,,0,,,
50.5,29.48,0.0,,0,,,
50.6,29.02,0.0,,0,,,
50.7,29.02,0.0,,0,,,
50.8,29.48,0.0,,0,,,
50.9,29.48,0.0,,0,,,
51.0,29.02,0.0,,0,,,
51.1,29.02,0.0,,0,,,
51.2,29.48,0.0,,0,,,
51.3,29.94,0.0,,0,,,
51.4,29.48,0.0,,0,,,
51.5,29.48,0.0,,0,,,
51.6,29.48,0.0,,0,,,
51.7,29.48,0.0,,0,,,
51.8,29.48,0.0,,0,,,
51.9,29.48,0.0,,0,,,
52.0,29.48,0.0,,0,,,
52.1,29.48,0.0,,0,,,
52.2,29.48,0.0,,0,,,
52.3,29.48,0.0,,0,,,
52.4,29.02,0.0,,0,,,
52.5,29.48,0.0,,0,,,
52.6,29.48,0.0,,0,,,
52.7,29.48,0.0,,0,,,
52.8,29.48,0.0,,0,,,
52.9,29.48,0.0,,0,,,
53.0,29.02,0.0,,0,,,
53.1,29.02,0.0,,0,,,
53.2,29.02,0.0,,0,,,
53.3,29.48,0.0,,0,,,
53.4,29.48,0.0,,0,,,
53.5,29.48,0.0,,0,,,
53.6,29.02,0.0,,0,,,
53.7,29.48,0.0,,0,,,
53.8,29.48,0.0,,0,,,
53.9,29.48,0.0,,0,,,
54.0,29.48,0.0,,0,,,
54.1,29.48,0.0,,0,,,
54.2,29.48,0.0,,0,,,
54.3,29.48,0.0,,0,,,
54.4,29.48,0.0,,0,,,
54.5,29.48,0.0,,0,,,
54.6,29.48,0.0,,0,,,
54.7,29.48,0.0,,0,,,
54.8,29.02,0.0,,0,,,
54.9,29.48,0.0,,0,,,
55.0,29.02,0.0,,0,,,
55.1,29.02,0.0,,0,,,
55.2,29.48,0.0,,0,,,
55.3,29.02,0.0,,0,,,
55.4,29.48,0.0,,0,,,
55.5,29.02,0.0,,0,,,
55.6,29.02,0.0,,0,,,
55.7,29.02,0.0,,0,,,
55.8,29.02,0.0,,0,,,
55.9,29.02,0.0,,0,,,
56.0,29.02,0.0,,0,,,
56.1,29.48,0.0,,0,,,
56.2,29.02,0.0,,0,,,
56.3,29.02,0.0,,0,,,
56.4,29.02,0.0,,0,,,
56.5,29.48,0.0,,0,,,
56.6,29.48,0.0,,0,,,
56.7,29.48,0.0,,0,,,
56.8,29.48,0.0,,0,,,
56.9,29.48,0.0,,0,,,
57.0,29.48,0.0,,0,,,
57.1,29.48,0.0,,0,,,
57.2,29.48,0.0,,0,,,
57.3,29.48,0.0,,0,,,
57.4,29.48,0.0,,0,,,
57.5,29.48,0.0,,0,,,
57.6,29.48,0.0,,0,,,
57.7,29.02,0.0,,0,,,
57.8,29.02,0.0,,0,,,
57.9,29.48,0.0,,0,,,
58.0,29.48,0.0,,0,,,
58.1,29.48,0.0,,0,,,
58.2,29.02,0.0,,0,,,
58.3,29.02,0.0,,0,,,
58.4,29.02,0.0,,0,,,
58.5,29.02,0.0,,0,,,
58.6,29.02,0.0,,0,,,
58.7,29.02,0.0,,0,,,
58.8,29.02,0.0,,0,,,
58.9,29.48,0.0,,0,,,
59.0,29.02,0.0,,0,,,
59.1,29.02,0.0,,0,,,
59.2,29.02,0.0,,0,,,
59.3,29.48,0.0,,0,,,
59.4,29.48,0.0,,0,,,
59.5,29.48,0.0,,0,,,
59.6,29.48,0.0,,0,,,
59.7,29.48,0.0,,0,,,
59.8,29.48,0.0,,0,,,
59.9,29.48,0.0,,0,,,
60.0,29.48,0.0,,0,,,
60.1,29.48,0.0,,0,,,
60.2,29.48,0.0,,0,,,
60.3,29.48,0.0,,0,,,
60.4,29.48,0.0,,0,,,
60.5,29.02,0.0,,0,,,
60.6,29.48,0.0,,0,,,
60.7,29.94,0.0,,0,,,
60.8,29.48,0.0,,0,,,
60.9,29.94,0.0,,0,,,
61.0,29.48,0.0,,0,,,
61.1,29.94,0.0,,0,,,
61.2,29.48,0.0,,0,,,
61.3,29.94,0.0,,0,,,
61.4,29.94,0.0,,0,,,
61.5,29.94,0.0,,0,,,
61.6,29.94,0.0,,0,,,
61.7,29.94,0.0,,0,,,
61.8,29.94,0.0,,0,,,
61.9,29.94,0.0,,0,,,
62.0,29.94,0.0,,0,,,
62.1,30.38,0.0,,0,,,
62.2,29.94,0.0,,0,,,
62.3,30.38,0.0,,0,,,
62.4,30.38,0.0,,0,,,
62.5,30.38,0.0,,0,,,
62.6,30.38,0.0,,0,,,
62.7,30.82,0.0,,0,,,
62.8,30.82,0.0,,0,,,
62.9,30.82,0.0,,0,,,
63.0,30.38,0.0,,0,,,
63.1,30.82,0.0,,0,,,
63.2,30.82,0.0,,0,,,
63.3,30.82,0.0,,0,,,
63.4,30.82,0.0,,0,,,
63.5,31.26,0.0,,0,,,
63.6,31.26,0.0,,0,,,
63.7,31.26,0.0,,0,,,
63.8,31.26,0.0,,0,,,
63.9,31.26,0.0,,0,,,
64.0,31.26,0.0,,0,,,
64.1,31.26,0.0,,0,,,
64.2,31.26,0.0,,0,,,
64.3,31.69,0.0,,0,,,
64.4,31.69,0.0,,0,,,
64.5,31.69,0.0,,0,,,
64.6,31.26,0.0,,0,,,
64.7,31.69,0.0,,0,,,
64.8,32.11,0.0,,0,,,
64.9,32.11,0.0,,0,,,
65.0,32.11,0.0,,0,,,
65.1,32.11,0.0,,0,,,
65.2,32.53,0.0,,0,,,
65.3,32.53,0.0,,0,,,
65.4,32.53,0.0,,0,,,
65.5,32.53,0.0,,0,,,
65.6,32.94,0.0,,0,,,
65.7,32.94,0.0,,0,,,
65.8,32.94,0.0,,0,,,
65.9,32.94,0.0,,0,,,
66.0,33.75,0.0,,0,,,
66.1,33.35,0.0,,0,,,
66.2,33.35,0.0,,0,,,
66.3,33.35,0.0,,0,,,
66.4,33.75,0.0,,0,,,
66.5,33.75,0.0,,0,,,
66.6,33.75,0.0,,0,,,
66.7,33.75,0.0,,0,,,
66.8,33.75,0.0,,0,,,
66.9,33.75,0.0,,0,,,
67.0,34.15,0.0,,0,,,
67.1,34.15,0.0,,0,,,
67.2,34.15,0.0,,0,,,
67.3,34.15,0.0,,0,,,
67.4,34.15,0.0,,0,,,
67.5,34.54,0.0,,0,,,
67.6,34.54,0.0,,0,,,
67.7,34.54,0.0,,0,,,
67.8,34.93,0.0,,0,,,
67.9,34.93,0.0,,0,,,
68.0,35.31,0.0,,0,,,
68.1,35.31,0.0,,0,,,
68.2,35.31,0.0,,0,,,
68.3,35.31,0.0,,0,,,
68.4,35.31,0.0,,0,,,
68.5,35.31,0.0,,0,,,
68.6,35.69,0.0,,0,,,
68.7,35.69,0.0,,0,,,
68.8,35.69,0.0,,0,,,
68.9,36.07,0.0,,0,,,
69.0,36.07,0.0,,0,,,
69.1,36.07,0.0,,0,,,
69.2,36.07,0.0,,0,,,
69.3,36.44,0.0,,0,,,
69.4,36.44,0.0,,0,,,
69.5,36.44,0.0,,0,,,
69.6,36.44,0.0,,0,,,
69.7,36.44,0.0,,0,,,
69.8,36.81,0.0,,0,,,
69.9,36.81,0.0,,0,,,
70.0,36.81,0.0,,0,,,
70.1,37.17,0.0,,0,,,
70.2,37.17,0.0,,0,,,
70.3,37.17,0.0,,0,,,
70.4,37.53,0.0,,0,,,
70.5,37.88,0.0,,0,,,
70.6,37.53,0.0,,0,,,
70.7,37.88,0.0,,0,,,
70.8,37.88,0.0,,0,,,
70.9,38.23,0.0,,0,,,
71.0,38.23,0.0,,0,,,
71.1,38.23,0.0,,0,,,
71.2,38.58,0.0,,0,,,
71.3,38.58,0.0,,0,,,
71.4,38.58,0.0,,0,,,
71.5,38.58,0.0,,0,,,
71.6,38.93,0.0,,0,,,
71.7,38.93,0.0,,0,,,
71.8,38.93,0.0,,0,,,
71.9,39.27,0.0,,0,,,
72.0,38.93,0.0,,0,,,
72.1,39.27,0.0,,0,,,
72.2,39.61,0.0,,0,,,
72.3,39.61,0.0,,0,,,
72.4,39.61,0.0,,0,,,
72.5,39.61,0.0,,0,,,
72.6,39.94,0.0,,0,,,
72.7,39.94,0.0,,0,,,
72.8,39.94,0.0,,0,,,
72.9,40.27,0.0,,0,,,
73.0,40.27,0.0,,0,,,
73.1,40.6,0.0,,0,,,
73.2,40.6,0.0,,0,,,
73.3,40.6,0.0,,0,,,
73.4,40.93,0.0,,0,,,
73.5,40.93,0.0,,0,,,
73.6,41.25,0.0,,0,,,
73.7,40.93,0.0,,0,,,
73.8,41.25,0.0,,0,,,
73.9,41.25,0.0,,0,,,
74.0,41.57,0.0,,0,,,
74.1,41.57,0.0,,0,,,
74.2,41.88,0.0,,0,,,
74.3,41.88,0.0,,0,,,
74.4,41.88,0.0,,0,,,
74.5,41.88,0.0,,0,,,
74.6,42.2,0.0,,0,,,
74.7,42.2,0.0,,0,,,
74.8,42.2,0.0,,0,,,
74.9,42.51,0.0,,0,,,
75.0,42.51,0.0,,0,,,
75.1,42.82,0.0,,0,,,
75.2,42.82,0.0,,0,,,
75.3,42.82,0.0,,0,,,
75.4,42.82,0.0,,0,,,
75.5,43.13,0.0,,0,,,
75.6,43.13,0.0,,0,,,
75.7,43.43,0.0,,0,,,
75.8,43.43,0.0,,0,,,
75.9,43.73,0.0,,0,,,
76.0,43.73,0.0,,0,,,
76.1,44.03,0.0,,0,,,
76.2,44.03,0.0,,0,,,
76.3,44.03,0.0,,0,,,
76.4,44.33,0.0,,0,,,
76.5,44.33,0.0,,0,,,
76.6,44.62,0.0,,0,,,
76.7,44.62,0.0,,0,,,
76.8,44.91,0.0,,0,,,
76.9,44.91,0.0,,0,,,
77.0,44.91,0.0,,0,,,
77.1,44.91,0.0,,0,,,
77.2,45.2,0.0,,0,,,
77.3,45.2,0.0,,0,,,
77.4,45.2,0.0,,0,,,
77.5,45.49,0.0,,0,,,
77.6,45.49,0.0,,0,,,
77.7,45.49,0.0,,0,,,
77.8,45.78,0.0,,0,,,
77.9,45.49,0.13,,1,,,
78.0,46.06,0.0,,0,,,
78.1,46.06,-0.13,,0,,,
78.2,46.06,0.0,,0,,,
78.3,46.06,0.0,,0,,,
78.4,46.62,0.11,,1,,,
78.5,46.62,-0.13,,0,,,
78.6,46.62,0.13,,1,,,
78.7,46.62,0.0,,0,,,
78.8,46.9,0.0,,0,,,
78.9,46.9,-0.13,,0,,,
79.0,47.17,0.0,,0,,,
79.1,47.17,0.0,,0,,,
79.2,47.45,0.0,,0,,,
79.3,47.45,0.0,,0,,,
79.4,47.72,0.0,,0,,,
79.5,47.72,0.0,,0,,,
79.6,47.99,0.0,,0,,,
79.7,47.99,0.0,,0,,,
79.8,48.26,0.0,,0,,,
79.9,48.26,0.0,,0,,,
80.0,48.26,0.0,,0,,,
80.1,48.26,0.0,,0,,,
80.2,48.52,0.0,,0,,,
80.3,48.52,0.0,,0,,,
80.4,48.79,0.0,,0,,,
80.5,48.79,0.0,,0,,,
80.6,49.05,0.0,,0,,,
80.7,49.05,0.0,,0,,,
80.8,49.05,0.0,,0,,,
80.9,49.31,0.0,,0,,,
81.0,49.31,0.0,,0,,,
81.1,49.31,0.0,,0,,,
81.2,49.57,0.0,,0,,,
81.3,49.83,0.13,,1,,,
81.4,49.83,0.0,,0,,,
81.5,49.83,-0.13,,0,,,
81.6,49.83,0.0,,0,,,
81.7,50.08,0.0,,0,,,
81.8,50.34,0.0,,0,,,
81.9,50.34,0.0,,0,,,
82.0,50.34,0.0,,0,,,
82.1,50.59,0.0,,0,,,
82.2,50.84,0.0,,0,,,
82.3,50.84,0.0,,0,,,
82.4,51.09,0.0,,0,,,
82.5,51.09,0.0,,0,,,
82.6,51.34,0.0,,0,,,
82.7,51.34,0.0,,0,,,
82.8,51.34,0.0,,0,,,
82.9,51.59,0.0,,0,,,
83.0,51.59,0.0,,0,,,
83.1,51.84,0.0,,0,,,
83.2,51.84,0.0,,0,,,
83.3,52.08,0.0,,0,,,
83.4,52.08,0.0,,0,,,
83.5,52.08,0.0,,0,,,
83.6,52.08,0.0,,0,,,
83.7,52.32,0.0,,0,,,
83.8,52.32,0.0,,0,,,
83.9,52.57,0.0,,0,,,
84.0,52.57,0.0,,0,,,
84.1,52.81,0.0,,0,,,
84.2,52.81,-0.13,,0,,,
84.3,53.04,0.0,,0,,,
84.4,53.28,0.0,,0,,,
84.5,53.28,0.0,,0,,,
84.6,53.52,0.0,,0,,,
84.7,53.52,0.0,,0,,,
84.8,53.75,0.0,,0,,,
84.9,53.75,0.0,,0,,,
85.0,53.99,0.0,,0,,,
85.1,53.99,0.0,,0,,,
85.2,54.22,0.0,,0,,,
85.3,54.22,0.0,,0,,,
85.4,54.45,0.0,,0,,,
85.5,54.91,0.0,,0,,,
85.6,54.45,0.0,,0,,,
85.7,54.45,0.0,,0,,,
85.8,54.68,0.0,,0,,,
85.9,54.91,0.0,,0,,,
86.0,54.91,0.0,,0,,,
86.1,55.14,0.0,,0,,,
86.2,55.14,0.0,,0,,,
86.3,55.37,0.0,,0,,,
86.4,55.37,0.0,,0,,,
86.5,55.37,0.0,,0,,,
86.6,55.59,0.0,,0,,,
86.7,55.59,0.0,,0,,,
86.8,55.82,0.0,,0,,,
86.9,55.82,-0.13,,0,,,
87.0,55.82,0.0,,0,,,
87.1,56.04,0.0,,0,,,
87.2,56.27,0.0,,0,,,
87.3,56.27,0.0,,0,,,
87.4,56.49,0.0,,0,,,
87.5,56.49,0.0,,0,,,
87.6,56.71,0.0,,0,,,
87.7,56.93,0.0,,0,,,
87.8,56.93,0.0,,0,,,
87.9,57.15,0.0,,0,,,
88.0,57.15,0.0,,0,,,
88.1,57.36,0.0,,0,,,
88.2,57.36,0.0,,0,,,
88.3,57.36,0.0,,0,,,
88.4,57.58,0.0,,0,,,
88.5,57.58,0.0,,0,,,
88.6,57.8,0.0,,0,,,
88.7,57.8,0.0,,0,,,
88.8,57.8,0.0,,0,,,
88.9,58.01,0.0,,0,,,
89.0,58.01,0.0,,0,,,
89.1,58.23,0.0,,0,,,
89.2,58.23,0.0,,0,,,
89.3,58.44,0.0,,0,,,
89.4,58.65,0.0,,0,,,
89.5,58.65,0.0,,0,,,
89.6,58.86,0.0,,0,,,
89.7,58.86,0.0,,0,,,
89.8,58.86,0.0,,0,,,
89.9,59.07,0.0,,0,,,
90.0,59.28,0.0,,0,,,
90.1,59.28,0.0,,0,,,
90.2,59.49,0.0,,0,,,
90.3,59.7,0.0,,0,,,
90.4,59.9,0.0,,0,,,
90.5,59.7,0.0,,0,,,
90.6,59.9,0.0,,0,,,
90.7,60.11,0.0,,0,,,
90.8,60.11,0.0,,0,,,
90.9,60.32,0.0,,0,,,
91.0,60.32,0.0,,0,,,
91.1,60.52,0.0,,0,,,
91.2,60.52,0.0,,0,,,
91.3,60.52,0.0,,0,,,
91.4,60.72,0.0,,0,,,
91.5,60.72,0.0,,0,,,
91.6,60.93,0.0,,0,,,
91.7,60.93,0.0,,0,,,
91.8,61.13,0.0,,0,,,
91.9,61.13,0.0,,0,,,
92.0,61.33,0.0,,0,,,
92.1,61.33,0.0,,0,,,
92.2,61.33,0.0,,0,,,
92.3,61.33,0.13,,1,,,
92.4,61.53,-0.13,,0,,,
92.5,61.73,0.0,,0,,,
92.6,61.93,0.0,,0,,,
92.7,62.13,0.0,,0,,,
92.8,62.13,0.0,,0,,,
92.9,62.52,0.0,,0,,,
93.0,62.32,0.0,,0,,,
93.1,62.32,0.0,,0,,,
93.2,62.52,-0.13,,0,,,
93.3,62.72,0.0,,0,,,
93.4,62.72,0.0,,0,,,
93.5,62.91,0.0,,0,,,
93.6,62.91,0.0,,0,,,
93.7,63.11,0.0,,0,,,
93.8,63.3,0.0,,0,,,
93.9,63.3,0.0,,0,,,
94.0,63.5,0.0,,0,,,
94.1,63.5,0.0,,0,,,
94.2,63.69,0.0,,0,,,
94.3,63.88,0.0,,0,,,
94.4,63.88,0.0,,0,,,
94.5,64.07,0.0,,0,,,
94.6,64.07,0.0,,0,,,
94.7,64.26,0.0,,0,,,
94.8,64.26,0.0,,0,,,
94.9,64.45,0.0,,0,,,
95.0,64.64,0.0,,0,,,
95.1,64.64,0.0,,0,,,
95.2,64.64,0.0,,0,,,
95.3,64.83,0.0,,0,,,
95.4,64.83,0.0,,0,,,
95.5,65.02,0.0,,0,,,
95.6,65.21,0.0,,0,,,
95.7,65.21,0.0,,0,,,
95.8,65.21,0.13,,1,,,
95.9,65.39,0.13,,1,,,
96.0,65.77,0.0,,0,,,
96.1,65.58,0.0,,0,,,
96.2,65.58,0.0,,0,,,
96.3,65.95,0.0,,0,,,
96.4,66.14,0.0,,0,,,
96.5,66.14,0.0,,0,,,
96.6,66.14,0.0,,0,,,
96.7,66.32,0.0,,0,,,
96.8,66.5,0.0,,0,,,
96.9,66.69,0.0,,0,,,
97.0,66.69,0.0,,0,,,
97.1,66.69,0.0,,0,,,
97.2,66.87,0.0,,0,,,
97.3,67.05,0.0,,0,,,
97.4,67.05,0.0,,0,,,
97.5,67.05,0.0,,0,,,
97.6,67.23,0.0,,0,,,
97.7,67.23,0.0,,0,,,
97.8,67.41,0.0,,0,,,
97.9,67.41,0.0,,0,,,
98.0,67.59,0.0,,0,,,
98.1,67.77,0.0,,0,,,
98.2,67.77,0.0,,0,,,
98.3,67.95,0.0,,0,,,
98.4,67.95,0.0,,0,,,
98.5,67.95,0.0,,0,,,
98.6,68.13,0.13,,1,,,
98.7,68.31,-0.13,,0,,,
98.8,68.31,0.0,,0,,,
98.9,68.49,0.0,,0,,,
99.0,68.67,0.0,,0,,,
99.1,68.67,0.0,,0,,,
99.2,68.84,0.0,,0,,,
99.3,69.02,0.0,,0,,,
99.4,69.02,0.0,,0,,,
99.5,69.19,0.0,,0,,,
99.6,69.19,0.0,,0,,,
99.7,69.37,0.0,,0,,,
99.8,69.37,0.0,,0,,,
99.9,69.55,0.0,,0,,,
100.0,69.72,0.0,,0,,,
100.1,69.89,0.0,,0,,,
100.2,69.89,0.0,,0,,,
100.3,70.07,0.0,,0,,,
100.4,70.07,0.0,,0,,,
100.5,70.24,0.0,,0,,,
100.6,70.24,0.0,,0,,,
100.7,70.24,0.0,,0,,,
100.8,70.41,0.0,,0,,,
100.9,70.59,0.0,,0,,,
101.0,70.59,0.0,,0,,,
101.1,70.76,0.0,,0,,,
101.2,70.76,0.0,,0,,,
101.3,70.93,0.0,,0,,,
101.4,70.93,0.0,,0,,,
101.5,71.1,0.0,,0,,,
101.6,71.27,0.0,,0,,,
101.7,71.27,0.0,,0,,,
101.8,71.44,0.0,,0,,,
101.9,71.61,0.0,,0,,,
102.0,71.61,0.0,,0,,,
102.1,71.78,0.0,,0,,,
102.2,71.95,0.0,,0,,,
102.3,71.95,0.0,,0,,,
102.4,72.12,0.0,,0,,,
102.5,72.12,0.0,,0,,,
102.6,72.29,0.0,,0,,,
102.7,72.45,0.0,,0,,,
102.8,72.45,0.0,,0,,,
102.9,72.62,0.0,,0,,,
103.0,72.62,0.0,,0,,,
103.1,72.79,0.0,,0,,,
103.2,72.79,0.0,,0,,,
103.3,72.96,0.0,,0,,,
103.4,73.12,0.0,,0,,,
103.5,73.12,0.0,,0,,,
103.6,73.12,0.0,,0,,,
103.7,73.29,0.0,,0,,,
103.8,73.62,0.0,,0,,,
103.9,73.62,0.0,,0,,,
104.0,73.62,0.0,,0,,,
104.1,73.78,0.0,,0,,,
104.2,73.95,0.13,,1,,,
104.3,73.95,0.0,,0,,,
104.4,74.11,0.0,,0,,,
104.5,74.11,0.0,,0,,,
104.6,74.28,0.0,,0,,,
104.7,74.44,0.0,,0,,,
104.8,74.44,0.0,,0,,,
104.9,74.6,0.0,,0,,,
105.0,74.77,0.0,,0,,,
105.1,74.93,0.0,,0,,,
105.2,74.93,0.0,,0,,,
105.3,75.09,0.0,,0,,,
105.4,75.09,0.0,,0,,,
105.5,75.25,0.0,,0,,,
105.6,75.25,0.0,,0,,,
105.7,75.42,0.0,,0,,,
105.8,75.58,0.0,,0,,,
105.9,75.58,0.0,,0,,,
106.0,75.74,0.0,,0,,,
106.1,75.74,0.0,,0,,,
106.2,75.9,0.0,,0,,,
106.3,75.9,0.0,,0,,,
106.4,76.06,0.0,,0,,,
106.5,76.22,0.0,,0,,,
106.6,76.22,0.0,,0,,,
106.7,76.22,0.0,,0,,,
106.8,76.38,0.0,,0,,,
106.9,76.54,0.0,,0,,,
107.0,76.7,0.0,,0,,,
107.1,76.7,0.13,,1,,,
107.2,76.86,-0.11,,0,,,
107.3,77.01,0.0,,0,,,
107.4,77.17,0.0,,0,,,
107.5,77.17,0.13,,1,,,
107.6,77.17,-0.13,,0,,,
107.7,77.33,0.0,,0,,,
107.8,77.33,0.0,,0,,,
107.9,77.49,0.0,,0,,,
108.0,77.65,0.0,,0,,,
108.1,77.96,0.0,,0,,,
108.2,77.96,0.0,,0,,,
108.3,77.96,0.0,,0,,,
108.4,78.12,0.0,,0,,,
108.5,78.27,0.0,,0,,,
108.6,78.27,0.0,,0,,,
108.7,78.43,0.0,,0,,,
108.8,78.43,0.0,,0,,,
108.9,78.58,0.0,,0,,,
109.0,78.74,0.0,,0,,,
109.1,78.74,0.0,,0,,,
109.2,78.9,0.0,,0,,,
109.3,78.9,0.0,,0,,,
109.4,79.05,0.0,,0,,,
109.5,79.05,0.0,,0,,,
109.6,79.21,0.0,,0,,,
109.7,79.36,0.0,,0,,,
109.8,79.36,0.0,,0,,,
109.9,79.51,0.0,,0,,,
110.0,79.51,0.0,,0,,,
110.1,79.67,0.0,,0,,,
110.2,79.82,0.0,,0,,,
110.3,79.82,0.13,,1,,,
110.4,79.98,-0.13,,0,,,
110.5,79.98,0.0,,0,,,
110.6,80.13,0.0,,0,,,
110.7,80.28,0.0,,0,,,
110.8,80.28,0.0,,0,,,
110.9,80.44,0.0,,0,,,
111.0,80.59,0.0,,0,,,
111.1,80.59,0.0,,0,,,
111.2,80.74,0.0,,0,,,
111.3,80.89,0.0,,0,,,
111.4,80.89,0.0,,0,,,
111.5,81.04,0.0,,0,,,
111.6,81.04,0.0,,0,,,
111.7,81.2,0.0,,0,,,
111.8,81.35,0.0,,0,,,
111.9,81.5,0.0,,0,,,
112.0,81.5,0.0,,0,,,
112.1,81.5,0.0,,0,,,
112.2,81.8,0.0,,0,,,
112.3,81.8,0.0,,0,,,
112.4,81.8,0.0,,0,,,
112.5,81.95,0.0,,0,,,
112.6,82.1,0.0,,0,,,
112.7,82.1,0.0,,0,,,
112.8,82.1,0.0,,0,,,
112.9,82.25,0.0,,0,,,
113.0,82.4,0.0,,0,,,
113.1,82.55,0.13,,1,,,
113.2,82.55,-0.13,,0,,,
113.3,82.7,0.0,,0,,,
113.4,82.85,0.0,,0,,,
113.5,83.0,0.0,,0,,,
113.6,83.0,0.0,,0,,,
113.7,83.15,0.0,,0,,,
113.8,83.3,0.0,,0,,,
113.9,83.3,0.0,,0,,,
114.0,83.45,0.0,,0,,,
114.1,83.6,0.0,,0,,,
114.2,83.75,0.0,,0,,,
114.3,83.75,0.0,,0,,,
114.4,83.89,0.0,,0,,,
114.5,84.04,0.0,,0,,,
114.6,84.04,0.0,,0,,,
114.7,84.19,0.0,,0,,,
114.8,84.19,0.0,,0,,,
114.9,84.34,0.0,,0,,,
115.0,84.34,0.0,,0,,,
115.1,84.49,0.0,,0,,,
115.2,84.63,0.0,,0,,,
115.3,84.63,0.0,,0,,,
115.4,84.78,0.0,,0,,,
115.5,84.93,0.13,,1,,,
115.6,84.93,0.0,,0,,,
115.7,85.07,0.13,,1,,,
115.8,85.07,0.0,,0,,,
115.9,85.22,0.0,,0,,,
116.0,85.37,0.0,,0,,,
116.1,85.51,0.0,,0,,,
116.2,85.66,0.0,,0,,,
116.3,85.66,0.0,,0,,,
116.4,85.81,0.0,,0,,,
116.5,85.95,0.0,,0,,,
116.6,85.95,0.0,,0,,,
116.7,86.1,0.0,,0,,,
116.8,86.1,0.0,,0,,,
116.9,86.24,0.0,,0,,,
117.0,86.39,0.0,,0,,,
117.1,86.53,0.0,,0,,,
117.2,86.53,0.0,,0,,,
117.3,86.68,0.0,,0,,,
117.4,86.83,0.0,,0,,,
117.5,86.83,0.0,,0,,,
117.6,86.83,0.0,,0,,,
117.7,86.97,0.0,,0,,,
117.8,86.97,0.0,,0,,,
117.9,87.26,0.0,,0,,,
118.0,87.11,0.0,,0,,,
118.1,87.26,0.0,,0,,,
118.2,87.4,0.0,,0,,,
118.3,87.55,0.13,,1,,,
118.4,87.69,0.0,,0,,,
118.5,87.69,0.0,,0,,,
118.6,87.69,0.0,,0,,,
118.7,87.84,0.0,,0,,,
118.8,87.84,0.0,,0,,,
118.9,88.12,0.0,,0,,,
119.0,88.27,0.0,,0,,,
119.1,88.27,0.0,,0,,,
119.2,88.41,0.0,,0,,,
119.3,88.56,0.0,,0,,,
119.4,88.56,0.0,,0,,,
119.5,88.7,0.0,,0,,,
119.6,88.84,0.0,,0,,,
119.7,88.84,0.0,,0,,,
119.8,88.84,0.0,,0,,,
119.9,88.99,0.0,,0,,,
120.0,89.13,0.0,,0,,,
120.1,89.27,0.0,,0,,,
120.2,89.27,0.0,,0,,,
120.3,89.27,0.0,,0,,,
120.4,89.56,0.0,,0,,,
120.5,89.56,0.0,,0,,,
120.6,89.7,0.0,,0,,,
120.7,89.7,0.0,,0,,,
120.8,89.84,0.0,,0,,,
120.9,89.84,0.0,,0,,,
121.0,89.98,0.13,,1,,,
121.1,90.13,0.0,,0,,,
121.2,90.13,-0.13,,0,,,
121.3,90.27,0.0,,0,,,
121.4,90.41,0.0,,0,,,
121.5,90.55,0.0,,0,,,
121.6,90.55,0.0,,0,,,
121.7,90.69,0.0,,0,,,
121.8,90.84,0.0,,0,,,
121.9,90.84,0.0,,0,,,
122.0,90.98,0.0,,0,,,
122.1,91.12,0.0,,0,,,
122.2,91.26,0.0,,0,,,
122.3,91.26,0.0,,0,,,
122.4,91.4,0.0,,0,,,
122.5,91.54,0.0,,0,,,
122.6,91.54,0.0,,0,,,
122.7,91.68,0.0,,0,,,
122.8,91.68,0.0,,0,,,
122.9,91.83,0.0,,0,,,
123.0,91.97,0.0,,0,,,
123.1,92.11,0.0,,0,,,
123.2,92.11,0.0,,0,,,
123.3,92.25,0.0,,0,,,
123.4,92.25,0.0,,0,,,
123.5,92.39,0.0,,0,,,
123.6,92.53,0.0,,0,,,
123.7,92.53,0.0,,0,,,
123.8,92.67,0.13,,1,,,
123.9,92.81,-0.13,,0,,,
124.0,92.81,0.0,,0,,,
124.1,92.95,0.0,,0,,,
124.2,93.09,0.0,,0,,,
124.3,93.09,0.0,,0,,,
124.4,93.23,0.0,,0,,,
124.5,93.37,0.0,,0,,,
124.6,93.37,0.0,,0,,,
124.7,93.51,0.0,,0,,,
124.8,93.65,0.0,,0,,,
124.9,93.79,0.0,,0,,,
125.0,93.79,0.0,,0,,,
125.1,93.93,0.0,,0,,,
125.2,93.93,0.0,,0,,,
125.3,94.07,0.0,,0,,,
125.4,94.07,0.0,,0,,,
125.5,94.21,0.0,,0,,,
125.6,94.35,0.0,,0,,,
125.7,94.35,0.0,,0,,,
125.8,94.49,0.0,,0,,,
125.9,94.49,0.0,,0,,,
126.0,94.63,0.0,,0,,,
126.1,94.77,0.0,,0,,,
126.2,94.77,0.0,,0,,,
126.3,94.91,0.0,,0,,,
126.4,94.91,-0.13,,0,,,
126.5,95.05,0.0,,0,,,
126.6,95.19,0.0,,0,,,
126.7,95.33,0.0,,0,,,
126.8,95.47,0.0,,0,,,
126.9,95.47,0.0,,0,,,
127.0,95.61,0.0,,0,,,
127.1,95.75,0.0,,0,,,
127.2,95.75,0.0,,0,,,
127.3,95.89,0.0,,0,,,
127.4,96.02,0.0,,0,,,
127.5,96.02,0.0,,0,,,
127.6,96.16,0.0,,0,,,
127.7,96.3,0.0,,0,,,
127.8,96.3,0.0,,0,,,
127.9,96.44,0.0,,0,,,
128.0,96.44,0.0,,0,,,
128.1,96.44,0.0,,0,,,
128.2,96.58,0.0,,0,,,
128.3,96.72,0.0,,0,,,
128.4,96.86,0.0,,0,,,
128.5,96.86,0.0,,0,,,
128.6,97.0,0.0,,0,,,
128.7,97.14,0.0,,0,,,
128.8,97.14,0.0,,0,,,
128.9,97.27,0.0,,0,,,
129.0,97.41,-0.13,,0,,,
129.1,97.41,0.0,,0,,,
129.2,97.55,0.0,,0,,,
129.3,97.69,0.0,,0,,,
129.4,97.69,0.0,,0,,,
129.5,97.83,0.0,,0,,,
129.6,98.11,0.0,,0,,,
129.7,98.11,0.0,,0,,,
129.8,98.11,0.0,,0,,,
129.9,98.24,0.0,,0,,,
130.0,98.24,0.0,,0,,,
130.1,98.38,0.0,,0,,,
130.2,98.52,0.0,,0,,,
130.3,98.52,0.0,,0,,,
130.4,98.66,0.0,,0,,,
130.5,98.8,0.0,,0,,,
130.6,98.8,0.0,,0,,,
130.7,98.94,0.0,,0,,,
130.8,98.94,0.0,,0,,,
130.9,99.07,0.0,,0,,,
131.0,99.21,0.0,,0,,,
131.1,99.21,0.0,,0,,,
131.2,99.35,0.0,,0,,,
131.3,99.49,0.0,,0,,,
131.4,99.49,0.0,,0,,,
131.5,99.63,0.0,,0,,,
131.6,99.63,-0.13,,0,,,
131.7,99.77,0.0,,0,,,
131.8,99.9,0.0,,0,,,
131.9,100.04,0.0,,0,,,
132.0,100.04,0.0,,0,,,
132.1,100.18,0.0,,0,,,
132.2,100.32,0.0,,0,,,
132.3,100.46,0.0,,0,,,
132.4,100.46,0.0,,0,,,
132.5,100.59,0.0,,0,,,
132.6,100.73,0.0,,0,,,
132.7,100.73,0.0,,0,,,
132.8,100.73,0.0,,0,,,
132.9,100.87,0.0,,0,,,
133.0,101.01,0.0,,0,,,
133.1,101.01,0.0,,0,,,
133.2,101.15,0.0,,0,,,
133.3,101.29,0.0,,0,,,
133.4,101.29,0.0,,0,,,
133.5,101.42,0.0,,0,,,
133.6,101.56,0.0,,0,,,
133.7,101.56,0.0,,0,,,
133.8,101.7,0.0,,0,,,
133.9,101.84,0.0,,0,,,
134.0,101.84,0.13,,1,,,
134.1,101.98,0.0,,0,,,
134.2,102.11,-0.13,,0,,,
134.3,102.11,0.0,,0,,,
134.4,102.25,0.0,,0,,,
134.5,102.39,0.0,,0,,,
134.6,102.39,0.0,,0,,,
134.7,102.53,0.0,,0,,,
134.8,102.67,0.0,,0,,,
134.9,102.67,0.0,,0,,,
135.0,102.8,0.0,,0,,,
135.1,102.8,0.0,,0,,,
135.2,102.94,0.0,,0,,,
135.3,103.08,0.0,,0,,,
135.4,103.08,0.0,,0,,,
135.5,103.22,0.0,,0,,,
135.6,103.36,0.0,,0,,,
135.7,103.5,0.0,,0,,,
135.8,103.5,0.0,,0,,,
135.9,103.63,0.0,,0,,,
136.0,103.63,0.0,,0,,,
136.1,103.63,0.0,,0,,,
136.2,103.77,0.0,,0,,,
136.3,103.77,0.0,,0,,,
136.4,104.05,0.0,,0,,,
136.5,104.05,0.0,,0,,,
136.6,104.19,0.0,,0,,,
136.7,104.19,0.0,,0,,,
136.8,104.33,0.0,,0,,,
136.9,104.46,0.0,,0,,,
137.0,104.46,0.0,,0,,,
137.1,104.46,0.0,,0,,,
137.2,104.6,0.0,,0,,,
137.3,104.74,0.0,,0,,,
137.4,104.88,0.0,,0,,,
137.5,105.02,0.0,,0,,,
137.6,105.02,0.0,,0,,,
137.7,105.16,0.0,,0,,,
137.8,105.16,0.0,,0,,,
137.9,105.29,0.0,,0,,,
138.0,105.43,0.0,,0,,,
138.1,105.57,0.0,,0,,,
138.2,105.57,0.0,,0,,,
138.3,105.71,0.0,,0,,,
138.4,105.71,0.0,,0,,,
138.5,105.85,0.0,,0,,,
138.6,105.85,0.0,,0,,,
138.7,105.99,0.0,,0,,,
138.8,105.99,0.0,,0,,,
138.9,106.13,0.0,,0,,,
139.0,106.26,0.0,,0,,,
139.1,106.26,0.0,,0,,,
139.2,106.4,0.0,,0,,,
139.3,106.4,0.0,,0,,,
139.4,106.54,0.0,,0,,,
139.5,106.54,0.0,,0,,,
139.6,106.68,-0.13,,0,,,
139.7,106.68,0.0,,0,,,
139.8,106.82,0.0,,0,,,
139.9,106.96,0.0,,0,,,
140.0,107.1,0.0,,0,,,
140.1,107.1,0.0,,0,,,
140.2,107.24,0.0,,0,,,
140.3,107.38,0.0,,0,,,
140.4,107.38,0.0,,0,,,
140.5,107.51,0.0,,0,,,
140.6,107.51,0.0,,0,,,
140.7,107.65,0.0,,0,,,
140.8,107.79,0.0,,0,,,
140.9,107.79,0.0,,0,,,
141.0,107.93,0.0,,0,,,
141.1,107.93,0.0,,0,,,
141.2,108.07,0.0,,0,,,
141.3,108.21,0.0,,0,,,
141.4,108.21,0.0,,0,,,
141.5,108.21,0.0,,0,,,
141.6,108.35,0.0,,0,,,
141.7,108.35,0.0,,0,,,
141.8,108.49,0.0,,0,,,
141.9,108.63,0.13,,1,,,
142.0,108.63,0.0,,0,,,
142.1,108.77,0.0,,0,,,
142.2,108.77,0.0,,0,,,
142.3,108.91,0.0,,0,,,
142.4,109.05,0.0,,0,,,
142.5,109.05,0.0,,0,,,
142.6,109.19,0.0,,0,,,
142.7,109.33,0.0,,0,,,
142.8,109.33,0.0,,0,,,
142.9,109.47,0.0,,0,,,
143.0,109.47,0.0,,0,,,
143.1,109.61,0.0,,0,,,
143.2,109.61,0.0,,0,,,
143.3,109.75,0.0,,0,,,
143.4,109.75,0.0,,0,,,
143.5,109.89,0.0,,0,,,
143.6,110.03,0.0,,0,,,
143.7,110.03,0.0,,0,,,
143.8,110.17,0.0,,0,,,
143.9,110.17,0.0,,0,,,
144.0,110.31,0.0,,0,,,
144.1,110.45,0.0,,0,,,
144.2,110.45,0.0,,0,,,
144.3,110.45,0.0,,0,,,
144.4,110.59,0.13,,1,,,
144.5,110.59,0.0,,0,,,
144.6,110.73,0.0,,0,,,
144.7,110.87,0.0,,0,,,
144.8,110.87,0.0,,0,,,
144.9,111.01,0.0,,0,,,
145.0,111.01,0.0,,0,,,
145.1,111.15,0.0,,0,,,
145.2,111.29,0.0,,0,,,
145.3,111.29,0.0,,0,,,
145.4,111.43,0.0,,0,,,
145.5,111.57,0.0,,0,,,
145.6,111.57,0.0,,0,,,
145.7,111.71,0.0,,0,,,
145.8,111.71,0.0,,0,,,
145.9,111.86,0.0,,0,,,
146.0,111.86,0.0,,0,,,
146.1,112.0,0.0,,0,,,
146.2,112.14,0.0,,0,,,
146.3,112.14,0.0,,0,,,
146.4,112.28,0.0,,0,,,
146.5,112.28,0.0,,0,,,
146.6,112.42,0.0,,0,,,
146.7,112.42,0.0,,0,,,
146.8,112.56,0.0,,0,,,
146.9,112.7,0.0,,0,,,
147.0,112.7,0.0,,0,,,
147.1,112.85,0.0,,0,,,
147.2,112.99,0.0,,0,,,
147.3,113.13,0.0,,0,,,
147.4,113.13,0.0,,0,,,
147.5,113.13,0.0,,0,,,
147.6,113.27,0.0,,0,,,
147.7,113.41,0.0,,0,,,
147.8,113.41,0.0,,0,,,
147.9,113.56,0.0,,0,,,
148.0,113.7,0.0,,0,,,
148.1,113.84,0.0,,0,,,
148.2,113.84,0.0,,0,,,
148.3,113.98,0.0,,0,,,
148.4,113.98,0.0,,0,,,
148.5,113.98,0.0,,0,,,
148.6,114.12,0.0,,0,,,
148.7,114.27,0.0,,0,,,
148.8,114.27,0.0,,0,,,
148.9,114.27,0.0,,0,,,
149.0,114.55,0.0,,0,,,
149.1,114.55,0.0,,0,,,
149.2,114.55,0.0,,0,,,
149.3,114.7,0.0,,0,,,
149.4,114.84,0.11,,1,,,
149.5,114.84,-0.13,,0,,,
149.6,114.98,0.0,,0,,,
149.7,114.98,0.0,,0,,,
149.8,115.13,0.0,,0,,,
149.9,115.13,0.0,,0,,,
150.0,115.27,0.0,,0,,,
150.1,115.41,0.0,,0,,,
150.2,115.41,0.0,,0,,,
150.3,115.56,0.0,,0,,,
150.4,115.7,0.0,,0,,,
150.5,115.7,0.0,,0,,,
150.6,115.84,0.0,,0,,,
150.7,115.84,0.0,,0,,,
150.8,115.99,0.0,,0,,,
150.9,115.99,0.0,,0,,,
151.0,116.13,0.0,,0,,,
151.1,116.13,0.0,,0,,,
151.2,116.28,0.0,,0,,,
151.3,116.28,0.0,,0,,,
151.4,116.42,0.0,,0,,,
151.5,116.42,0.0,,0,,,
151.6,116.56,0.0,,0,,,
151.7,116.71,0.0,,0,,,
151.8,116.71,0.13,,1,,,
151.9,116.71,-0.13,,0,,,
152.0,116.85,0.0,,0,,,
152.1,116.85,0.0,,0,,,
152.2,117.0,0.0,,0,,,
152.3,117.14,0.0,,0,,,
152.4,117.14,0.0,,0,,,
152.5,117.29,0.0,,0,,,
152.6,117.43,0.0,,0,,,
152.7,117.43,0.0,,0,,,
152.8,117.58,0.0,,0,,,
152.9,117.72,0.0,,0,,,
153.0,117.72,0.0,,0,,,
153.1,117.87,0.0,,0,,,
153.2,117.87,0.0,,0,,,
153.3,118.01,0.0,,0,,,
153.4,118.16,0.0,,0,,,
153.5,118.16,0.0,,0,,,
153.6,118.31,0.0,,0,,,
153.7,118.31,0.0,,0,,,
153.8,118.31,0.0,,0,,,
153.9,118.45,0.0,,0,,,
154.0,118.6,0.0,,0,,,
154.1,118.6,0.0,,0,,,
154.2,118.75,0.0,,0,,,
154.3,118.75,0.0,,0,,,
154.4,118.89,0.0,,0,,,
154.5,118.89,0.0,,0,,,
154.6,119.04,0.0,,0,,,
154.7,119.04,0.0,,0,,,
154.8,119.19,0.0,,0,,,
154.9,119.19,0.0,,0,,,
155.0,119.33,0.0,,0,,,
155.1,119.48,0.0,,0,,,
155.2,119.48,0.0,,0,,,
155.3,119.63,0.0,,0,,,
155.4,119.63,0.0,,0,,,
155.5,119.77,0.0,,0,,,
155.6,119.77,0.0,,0,,,
155.7,119.92,0.0,,0,,,
155.8,119.92,0.0,,0,,,
155.9,120.07,0.0,,0,,,
156.0,120.22,0.0,,0,,,
156.1,120.22,0.0,,0,,,
156.2,120.36,0.0,,0,,,
156.3,120.36,0.0,,0,,,
156.4,120.51,0.0,,0,,,
156.5,120.51,0.0,,0,,,
156.6,120.66,0.0,,0,,,
156.7,120.66,0.0,,0,,,
156.8,120.81,0.0,,0,,,
156.9,120.81,0.0,,0,,,
157.0,120.96,0.0,,0,,,
157.1,120.96,0.0,,0,,,
157.2,121.11,0.0,,0,,,
157.3,121.11,0.0,,0,,,
157.4,121.26,0.0,,0,,,
157.5,121.26,0.0,,0,,,
157.6,121.41,0.0,,0,,,
157.7,121.55,0.0,,0,,,
157.8,121.55,0.0,,0,,,
157.9,121.55,0.0,,0,,,
158.0,121.7,0.0,,0,,,
158.1,121.85,0.0,,0,,,
158.2,121.85,0.0,,0,,,
158.3,122.0,0.0,,0,,,
158.4,122.0,0.0,,0,,,
158.5,122.15,0.0,,0,,,
158.6,122.15,0.0,,0,,,
158.7,122.3,0.0,,0,,,
158.8,122.3,0.0,,0,,,
158.9,122.45,0.0,,0,,,
159.0,122.45,0.0,,0,,,
159.1,122.6,0.0,,0,,,
159.2,122.6,0.0,,0,,,
159.3,122.75,0.0,,0,,,
159.4,122.75,0.0,,0,,,
159.5,122.91,0.0,,0,,,
159.6,123.06,0.0,,0,,,
159.7,123.06,0.0,,0,,,
159.8,123.21,0.0,,0,,,
159.9,123.21,0.0,,0,,,
160.0,123.36,0.0,,0,,,
160.1,123.36,0.0,,0,,,
160.2,123.51,0.0,,0,,,
160.3,123.51,0.0,,0,,,
160.4,123.51,0.0,,0,,,
160.5,123.66,0.0,,0,,,
160.6,123.81,0.0,,0,,,
160.7,123.81,0.0,,0,,,
160.8,123.97,0.0,,0,,,
160.9,123.97,0.0,,0,,,
161.0,124.12,0.0,,0,,,
161.1,124.27,0.0,,0,,,
161.2,124.27,0.0,,0,,,
161.3,124.42,0.0,,0,,,
161.4,124.42,0.0,,0,,,
161.5,124.42,0.0,,0,,,
161.6,124.58,0.0,,0,,,
161.7,124.58,0.0,,0,,,
161.8,124.73,0.0,,0,,,
161.9,124.73,0.0,,0,,,
162.0,124.88,0.0,,0,,,
162.1,124.88,0.0,,0,,,
162.2,125.04,0.0,,0,,,
162.3,125.04,0.0,,0,,,
162.4,125.19,0.0,,0,,,
162.5,125.19,0.0,,0,,,
162.6,125.35,0.0,,0,,,
162.7,125.5,0.0,,0,,,
162.8,125.5,0.0,,0,,,
162.9,125.65,0.0,,0,,,
163.0,125.65,0.0,,0,,,
163.1,125.65,0.0,,0,,,
163.2,125.81,0.0,,0,,,
163.3,125.96,0.0,,0,,,
163.4,125.96,0.0,,0,,,
163.5,126.12,0.0,,0,,,
163.6,126.12,0.0,,0,,,
163.7,126.12,0.0,,0,,,
163.8,126.43,0.0,,0,,,
163.9,126.27,0.0,,0,,,
164.0,126.43,0.0,,0,,,
164.1,126.58,0.0,,0,,,
164.2,126.58,0.0,,0,,,
164.3,126.58,0.0,,0,,,
164.4,126.74,0.0,,0,,,
164.5,126.9,0.0,,0,,,
164.6,126.9,0.0,,0,,,
164.7,126.9,0.0,,0,,,
164.8,127.05,0.0,,0,,,
164.9,127.05,0.0,,0,,,
165.0,127.21,0.0,,0,,,
165.1,127.21,0.0,,0,,,
165.2,127.37,0.0,,0,,,
165.3,127.37,0.0,,0,,,
165.4,127.37,0.0,,0,,,
165.5,127.52,0.0,,0,,,
165.6,127.52,0.0,,0,,,
165.7,127.68,0.0,,0,,,
165.8,127.68,0.0,,0,,,
165.9,127.84,0.0,,0,,,
166.0,127.84,0.0,,0,,,
166.1,127.84,0.0,,0,,,
166.2,127.99,0.0,,0,,,
166.3,128.15,0.0,,0,,,
166.4,128.31,0.0,,0,,,
166.5,128.31,0.0,,0,,,
166.6,128.31,0.0,,0,,,
166.7,128.47,0.0,,0,,,
166.8,128.47,0.0,,0,,,
166.9,128.63,0.0,,0,,,
167.0,128.63,0.0,,0,,,
167.1,128.63,0.0,,0,,,
167.2,128.63,0.0,,0,,,
167.3,128.79,0.0,,0,,,
167.4,128.95,0.0,,0,,,
167.5,128.95,0.0,,0,,,
167.6,128.95,0.0,,0,,,
167.7,129.11,0.0,,0,,,
167.8,129.26,0.0,,0,,,
167.9,129.11,0.0,,0,,,
168.0,129.26,0.0,,0,,,
168.1,129.26,0.0,,0,,,
168.2,129.42,0.13,,1,,,
168.3,129.42,0.0,,0,,,
168.4,129.42,0.0,,0,,,
168.5,129.58,0.0,,0,,,
168.6,129.75,0.0,,0,,,
168.7,129.75,0.0,,0,,,
168.8,129.75,0.0,,0,,,
168.9,129.91,0.0,,0,,,
169.0,129.91,0.0,,0,,,
169.1,130.07,0.0,,0,,,
169.2,130.07,0.0,,0,,,
169.3,130.23,0.0,,0,,,
169.4,130.23,0.0,,0,,,
169.5,130.39,0.0,,0,,,
169.6,130.39,0.0,,0,,,
169.7,130.39,0.0,,0,,,
169.8,130.55,0.0,,0,,,
169.9,130.55,0.0,,0,,,
170.0,130.55,0.0,,0,,,
170.1,130.71,0.0,,0,,,
170.2,130.71,0.0,,0,,,
170.3,130.88,0.0,,0,,,
170.4,130.88,0.0,,0,,,
170.5,131.04,0.0,,0,,,
170.6,131.04,0.0,,0,,,
170.7,131.04,-0.13,,0,,,
170.8,131.2,-0.13,,0,,,
170.9,131.2,0.0,,0,,,
171.0,131.36,0.0,,0,,,
171.1,131.36,0.0,,0,,,
171.2,131.53,0.0,,0,,,
171.3,131.53,0.0,,0,,,
171.4,131.69,0.0,,0,,,
171.5,131.69,0.0,,0,,,
171.6,131.85,0.0,,0,,,
171.7,131.85,0.0,,0,,,
171.8,132.02,0.0,,0,,,
171.9,132.02,0.0,,0,,,
172.0,132.18,0.0,,0,,,
172.1,132.18,0.0,,0,,,
172.2,132.18,0.0,,0,,,
172.3,132.35,0.0,,0,,,
172.4,132.35,0.0,,0,,,
172.5,132.51,0.0,,0,,,
172.6,132.51,0.0,,0,,,
172.7,132.68,0.0,,0,,,
172.8,132.68,0.0,,0,,,
172.9,132.68,0.0,,0,,,
173.0,132.84,0.0,,0,,,
173.1,132.84,0.0,,0,,,
173.2,133.01,0.0,,0,,,
173.3,133.01,0.0,,0,,,
173.4,133.18,0.0,,0,,,
173.5,133.18,0.0,,0,,,
173.6,133.34,0.0,,0,,,
173.7,133.34,0.0,,0,,,
173.8,133.34,0.0,,0,,,
173.9,133.51,0.0,,0,,,
174.0,133.51,0.0,,0,,,
174.1,133.68,0.0,,0,,,
174.2,133.84,0.0,,0,,,
174.3,133.84,0.0,,0,,,
174.4,133.84,0.0,,0,,,
174.5,134.01,0.0,,0,,,
174.6,134.01,0.0,,0,,,
174.7,134.01,0.0,,0,,,
174.8,134.18,0.0,,0,,,
174.9,134.18,0.0,,0,,,
175.0,134.35,0.0,,0,,,
175.1,134.35,0.0,,0,,,
175.2,134.35,0.0,,0,,,
175.3,134.52,0.0,,0,,,
175.4,134.52,0.0,,0,,,
175.5,134.69,0.0,,0,,,
175.6,134.69,0.0,,0,,,
175.7,134.85,0.0,,0,,,
175.8,134.85,0.0,,0,,,
175.9,134.85,0.0,,0,,,
176.0,135.02,0.0,,0,,,
176.1,135.02,0.0,,0,,,
176.2,135.02,0.0,,0,,,
176.3,135.19,0.0,,0,,,
176.4,135.36,0.0,,0,,,
176.5,135.36,0.0,,0,,,
176.6,135.36,0.0,,0,,,
176.7,135.54,0.0,,0,,,
176.8,135.54,0.0,,0,,,
176.9,135.54,0.0,,0,,,
177.0,135.71,0.0,,0,,,
177.1,135.71,0.0,,0,,,
177.2,135.88,0.0,,0,,,
177.3,135.88,0.0,,0,,,
177.4,136.05,0.0,,0,,,
177.5,136.05,0.0,,0,,,
177.6,136.05,0.0,,0,,,
177.7,136.05,0.0,,0,,,
177.8,136.22,0.0,,0,,,
177.9,136.22,0.0,,0,,,
178.0,136.39,0.0,,0,,,
178.1,136.39,0.0,,0,,,
178.2,136.39,0.0,,0,,,
178.3,136.39,0.0,,0,,,
178.4,136.57,0.0,,0,,,
178.5,136.57,0.0,,0,,,
178.6,136.74,0.0,,0,,,
178.7,136.91,0.0,,0,,,
178.8,136.91,0.0,,0,,,
178.9,136.91,0.0,,0,,,
179.0,137.09,0.0,,0,,,
179.1,137.09,0.0,,0,,,
179.2,137.09,0.0,,0,,,
179.3,137.26,0.0,,0,,,
179.4,137.26,0.0,,0,,,
179.5,137.44,0.0,,0,,,
179.6,137.44,0.0,,0,,,
179.7,137.61,0.0,,0,,,
179.8,137.61,0.0,,0,,,
179.9,137.79,0.0,,0,,,
180.0,137.79,0.0,,0,,,
180.1,137.79,0.0,,0,,,
180.2,137.96,0.0,,0,,,
180.3,137.96,0.0,,0,,,
180.4,138.14,0.0,,0,,,
180.5,138.14,0.0,,0,,,
180.6,138.14,0.0,,0,,,
180.7,138.31,0.0,,0,,,
180.8,138.31,0.0,,0,,,
180.9,138.31,0.0,,0,,,
181.0,138.49,0.0,,0,,,
181.1,138.49,0.0,,0,,,
181.2,138.67,0.0,,0,,,
181.3,138.67,0.0,,0,,,
181.4,138.67,0.0,,0,,,
181.5,138.84,0.0,,0,,,
181.6,138.84,0.0,,0,,,
181.7,139.02,0.0,,0,,,
181.8,139.02,0.0,,0,,,
181.9,139.2,0.0,,0,,,
182.0,139.2,0.0,,0,,,
182.1,139.2,0.0,,0,,,
182.2,139.38,0.0,,0,,,
182.3,139.38,0.0,,0,,,
182.4,139.56,0.0,,0,,,
182.5,139.56,0.0,,0,,,
182.6,139.56,0.0,,0,,,
182.7,139.74,0.0,,0,,,
182.8,139.74,0.0,,0,,,
182.9,139.74,0.0,,0,,,
183.0,139.92,0.0,,0,,,
183.1,139.92,0.0,,0,,,
183.2,140.1,0.0,,0,,,
183.3,140.1,0.0,,0,,,
183.4,140.1,0.0,,0,,,
183.5,140.28,0.0,,0,,,
183.6,140.28,0.0,,0,,,
183.7,140.46,0.0,,0,,,
183.8,140.46,0.0,,0,,,
183.9,140.46,0.0,,0,,,
184.0,140.64,0.13,,1,,,
184.1,140.64,0.0,,0,,,
184.2,140.82,0.0,,0,,,
184.3,140.82,0.0,,0,,,
184.4,141.0,0.0,,0,,,
184.5,141.0,0.0,,0,,,
184.6,141.0,0.0,,0,,,
184.7,141.19,0.0,,0,,,
184.8,141.37,0.0,,0,,,
184.9,141.37,0.0,,0,,,
185.0,141.37,0.0,,0,,,
185.1,141.55,0.0,,0,,,
185.2,141.55,0.0,,0,,,
185.3,141.55,0.0,,0,,,
185.4,141.74,0.0,,0,,,
185.5,141.74,0.0,,0,,,
185.6,141.92,0.0,,0,,,
185.7,141.92,0.0,,0,,,
185.8,141.92,0.0,,0,,,
185.9,141.92,0.0,,0,,,
186.0,142.11,0.0,,0,,,
186.1,142.11,0.0,,0,,,
186.2,142.29,0.0,,0,,,
186.3,142.29,0.0,,0,,,
186.4,142.48,0.13,,1,,,
186.5,142.29,-0.13,,0,,,
186.6,142.48,0.0,,0,,,
186.7,142.67,0.0,,0,,,
186.8,142.67,0.0,,0,,,
186.9,142.85,0.0,,0,,,
187.0,142.85,0.0,,0,,,
187.1,142.85,0.0,,0,,,
187.2,143.04,0.0,,0,,,
187.3,143.04,0.0,,0,,,
187.4,143.23,0.0,,0,,,
187.5,143.23,0.0,,0,,,
187.6,143.23,0.0,,0,,,
187.7,143.23,0.0,,0,,,
187.8,143.41,0.0,,0,,,
187.9,143.41,0.0,,0,,,
188.0,143.41,0.0,,0,,,
188.1,143.6,0.0,,0,,,
188.2,143.6,0.0,,0,,,
188.3,143.6,0.0,,0,,,
188.4,143.79,0.0,,0,,,
188.5,143.79,0.0,,0,,,
188.6,143.98,0.0,,0,,,
188.7,143.98,0.0,,0,,,
188.8,143.98,0.0,,0,,,
188.9,144.17,0.0,,0,,,
189.0,144.17,0.13,,1,,,
189.1,144.17,0.0,,0,,,
189.2,144.36,0.0,,0,,,
189.3,144.36,0.0,,0,,,
189.4,144.36,0.0,,0,,,
189.5,144.36,0.0,,0,,,
189.6,144.55,0.0,,0,,,
189.7,144.74,0.0,,0,,,
189.8,144.74,0.0,,0,,,
189.9,144.74,0.0,,0,,,
190.0,144.94,0.0,,0,,,
190.1,144.94,0.0,,0,,,
190.2,145.13,0.0,,0,,,
190.3,145.13,0.0,,0,,,
190.4,145.13,0.0,,0,,,
190.5,145.13,0.0,,0,,,
190.6,145.32,0.0,,0,,,
190.7,145.32,0.0,,0,,,
190.8,145.32,0.0,,0,,,
190.9,145.52,0.0,,0,,,
191.0,145.52,0.0,,0,,,
191.1,145.52,0.0,,0,,,
191.2,145.71,0.0,,0,,,
191.3,145.71,0.0,,0,,,
191.4,145.9,0.0,,0,,,
191.5,145.9,0.0,,0,,,
191.6,145.9,0.0,,0,,,
191.7,145.9,0.0,,0,,,
191.8,146.1,0.0,,0,,,
191.9,146.1,0.0,,0,,,
192.0,146.29,0.0,,0,,,
192.1,146.29,0.0,,0,,,
192.2,146.49,0.0,,0,,,
192.3,146.49,0.0,,0,,,
192.4,146.49,0.0,,0,,,
192.5,146.69,0.0,,0,,,
192.6,146.69,0.0,,0,,,
192.7,146.69,0.0,,0,,,
192.8,146.88,0.0,,0,,,
192.9,146.88,0.0,,0,,,
193.0,146.88,0.0,,0,,,
193.1,147.08,0.0,,0,,,
193.2,147.08,0.0,,0,,,
193.3,147.08,0.0,,0,,,
193.4,147.28,0.0,,0,,,
193.5,147.28,0.0,,0,,,
193.6,147.28,0.0,,0,,,
193.7,147.48,0.0,,0,,,
193.8,147.48,0.0,,0,,,
193.9,147.48,0.0,,0,,,
194.0,147.68,0.0,,0,,,
194.1,147.68,0.0,,0,,,
194.2,147.68,0.0,,0,,,
194.3,147.88,0.0,,0,,,
194.4,147.88,0.0,,0,,,
194.5,148.08,0.0,,0,,,
194.6,148.08,0.0,,0,,,
194.7,148.08,0.0,,0,,,
194.8,148.08,0.0,,0,,,
194.9,148.08,0.0,,0,,,
195.0,148.28,0.0,,0,,,
195.1,148.28,0.0,,0,,,
195.2,148.48,0.0,,0,,,
195.3,148.48,0.0,,0,,,
195.4,148.48,0.0,,0,,,
195.5,148.68,0.0,,0,,,
195.6,148.68,0.0,,0,,,
195.7,148.89,0.0,,0,,,
195.8,148.89,0.0,,0,,,
195.9,148.89,0.0,,0,,,
196.0,148.89,0.0,,0,,,
196.1,149.09,0.0,,0,,,
196.2,149.09,0.0,,0,,,
196.3,149.09,0.0,,0,,,
196.4,149.09,0.0,,0,,,
196.5,149.29,0.0,,0,,,
196.6,149.29,0.0,,0,,,
196.7,149.29,0.0,,0,,,
196.8,149.5,0.0,,0,,,
196.9,149.5,0.0,,0,,,
197.0,149.5,0.0,,0,,,
197.1,149.7,0.0,,0,,,
197.2,149.7,0.0,,0,,,
197.3,149.7,0.0,,0,,,
197.4,149.91,0.0,,0,,,
197.5,149.91,0.0,,0,,,
197.6,149.91,0.0,,0,,,
197.7,149.91,0.0,,0,,,
197.8,150.11,0.0,,0,,,
197.9,150.11,0.0,,0,,,
198.0,150.32,0.0,,0,,,
198.1,150.32,0.0,,0,,,
198.2,150.32,0.0,,0,,,
198.3,150.53,0.0,,0,,,
198.4,150.53,0.0,,0,,,
198.5,150.53,0.0,,0,,,
198.6,150.53,0.0,,0,,,
198.7,150.74,0.0,,0,,,
198.8,150.74,0.0,,0,,,
198.9,150.74,0.0,,0,,,
199.0,150.95,0.0,,0,,,
199.1,150.95,0.0,,0,,,
199.2,150.95,0.0,,0,,,
199.3,151.16,0.0,,0,,,
199.4,151.16,0.0,,0,,,
199.5,151.16,0.0,,0,,,
199.6,151.16,0.0,,0,,,
199.7,151.37,0.0,,0,,,
199.8,151.37,0.0,,0,,,
199.9,151.37,0.0,,0,,,
200.0,151.37,0.0,,0,,,
200.1,151.58,0.0,,0,,,
200.2,151.58,0.0,,0,,,
200.3,151.79,0.0,,0,,,
200.4,151.79,0.0,,0,,,
200.5,152.0,0.0,,0,,,
200.6,152.0,0.0,,0,,,
200.7,152.0,0.0,,0,,,
200.8,152.0,0.0,,0,,,
200.9,152.21,0.0,,0,,,
201.0,152.21,0.0,,0,,,
201.1,152.21,0.0,,0,,,
201.2,152.43,0.0,,0,,,
201.3,152.43,0.0,,0,,,
201.4,152.43,0.0,,0,,,
201.5,152.43,0.0,,0,,,
201.6,152.64,0.0,,0,,,
201.7,152.64,0.0,,0,,,
201.8,152.64,0.0,,0,,,
201.9,152.86,0.0,,0,,,
202.0,152.86,0.0,,0,,,
202.1,152.86,0.0,,0,,,
202.2,152.86,0.0,,0,,,
202.3,153.07,0.0,,0,,,
202.4,153.07,0.0,,0,,,
202.5,153.07,0.0,,0,,,
202.6,153.07,0.0,,0,,,
202.7,153.29,0.0,,0,,,
202.8,153.29,0.0,,0,,,
202.9,153.5,0.0,,0,,,
203.0,153.5,0.0,,0,,,
203.1,153.5,0.0,,0,,,
203.2,153.5,0.0,,0,,,
203.3,153.72,0.0,,0,,,
203.4,153.72,0.0,,0,,,
203.5,153.72,0.0,,0,,,
203.6,153.94,0.0,,0,,,
203.7,153.94,0.0,,0,,,
203.8,153.94,0.0,,0,,,
203.9,153.94,0.0,,0,,,
204.0,154.16,0.0,,0,,,
204.1,154.16,0.0,,0,,,
204.2,154.16,0.0,,0,,,
204.3,154.38,0.0,,0,,,
204.4,154.38,0.0,,0,,,
204.5,154.38,0.0,,0,,,
204.6,154.38,0.0,,0,,,
204.7,154.6,0.0,,0,,,
204.8,154.6,0.0,,0,,,
204.9,154.6,0.0,,0,,,
205.0,154.6,0.0,,0,,,
205.1,154.82,0.0,,0,,,
205.2,154.82,0.0,,0,,,
205.3,154.82,0.0,,0,,,
205.4,154.82,0.13,,1,,,
205.5,155.04,0.0,,0,,,
205.6,155.04,0.0,,0,,,
205.7,155.04,0.0,,0,,,
205.8,155.26,0.0,,0,,,
205.9,155.26,0.0,,0,,,
206.0,155.26,0.0,,0,,,
206.1,155.49,0.0,,0,,,
206.2,155.49,0.0,,0,,,
206.3,155.49,0.0,,0,,,
206.4,155.49,0.0,,0,,,
206.5,155.49,0.0,,0,,,
206.6,155.71,0.0,,0,,,
206.7,155.71,0.0,,0,,,
206.8,155.71,0.0,,0,,,
206.9,155.71,0.0,,0,,,
207.0,155.94,0.0,,0,,,
207.1,155.94,0.0,,0,,,
207.2,155.94,0.0,,0,,,
207.3,155.94,0.0,,0,,,
207.4,156.16,0.0,,0,,,
207.5,156.16,0.0,,0,,,
207.6,156.16,0.0,,0,,,
207.7,156.39,0.12,,1,,,
207.8,156.39,-0.13,,0,,,
207.9,156.39,0.0,,0,,,
208.0,156.62,0.0,,0,,,
208.1,156.62,0.0,,0,,,
208.2,156.62,0.0,,0,,,
208.3,156.62,0.0,,0,,,
208.4,156.62,0.0,,0,,,
208.5,156.85,0.0,,0,,,
208.6,156.85,0.0,,0,,,
208.7,156.85,0.0,,0,,,
208.8,157.07,0.0,,0,,,
208.9,157.07,0.0,,0,,,
209.0,157.07,0.0,,0,,,
209.1,157.3,0.0,,0,,,
209.2,157.3,0.0,,0,,,
209.3,157.3,0.0,,0,,,
209.4,157.3,0.0,,0,,,
209.5,157.3,0.0,,0,,,
209.6,157.53,0.0,,0,,,
209.7,157.53,0.0,,0,,,
209.8,157.53,0.0,,0,,,
209.9,157.77,0.0,,0,,,
210.0,157.77,0.0,,0,,,
210.1,157.53,0.0,,0,,,
210.2,157.77,0.0,,0,,,
210.3,157.77,0.0,,0,,,
210.4,157.77,0.13,,1,,,
210.5,157.77,0.0,,0,,,
210.6,158.0,0.0,,0,,,
210.7,158.0,0.0,,0,,,
210.8,158.23,0.0,,0,,,
210.9,158.23,0.0,,0,,,
211.0,158.23,0.0,,0,,,
211.1,158.47,0.0,,0,,,
211.2,158.47,0.0,,0,,,
211.3,158.7,0.0,,0,,,
211.4,158.7,0.0,,0,,,
211.5,158.7,0.0,,0,,,
211.6,158.7,0.0,,0,,,
211.7,158.7,0.0,,0,,,
211.8,158.94,0.0,,0,,,
211.9,158.94,0.0,,0,,,
212.0,158.94,0.0,,0,,,
212.1,158.94,0.0,,0,,,
212.2,158.94,0.0,,0,,,
212.3,158.94,0.0,,0,,,
212.4,159.17,0.0,,0,,,
212.5,159.17,0.0,,0,,,
212.6,159.17,0.0,,0,,,
212.7,159.17,0.0,,0,,,
212.8,159.41,0.0,,0,,,
212.9,159.41,0.13,,1,,,
213.0,159.41,0.0,,0,,,
213.1,159.65,0.0,,0,,,
213.2,159.65,0.0,,0,,,
213.3,159.65,0.0,,0,,,
213.4,159.65,0.0,,0,,,
213.5,159.89,0.0,,0,,,
213.6,159.89,0.0,,0,,,
213.7,159.89,0.0,,0,,,
213.8,159.89,0.0,,0,,,
213.9,160.13,0.0,,0,,,
214.0,160.13,0.0,,0,,,
214.1,160.13,0.0,,0,,,
214.2,160.13,0.0,,0,,,
214.3,160.37,0.0,,0,,,
214.4,160.37,0.0,,0,,,
214.5,160.61,0.0,,0,,,
214.6,160.37,0.0,,0,,,
214.7,160.37,0.0,,0,,,
214.8,160.61,0.0,,0,,,
214.9,160.61,0.0,,0,,,
215.0,160.85,0.0,,0,,,
215.1,160.85,0.0,,0,,,
215.2,160.85,0.0,,0,,,
215.3,160.85,0.0,,0,,,
215.4,160.85,0.13,,1,,,
215.5,160.85,-0.13,,0,,,
215.6,161.1,0.0,,0,,,
215.7,161.1,0.0,,0,,,
215.8,161.34,0.0,,0,,,
215.9,161.34,0.0,,0,,,
216.0,161.34,0.0,,0,,,
216.1,161.34,0.0,,0,,,
216.2,161.34,0.0,,0,,,
216.3,161.59,0.0,,0,,,
216.4,161.59,0.0,,0,,,
216.5,161.59,0.0,,0,,,
216.6,161.84,0.0,,0,,,
216.7,161.84,0.0,,0,,,
216.8,161.84,0.0,,0,,,
216.9,161.84,0.0,,0,,,
217.0,161.84,0.0,,0,,,
217.1,161.84,0.0,,0,,,
217.2,162.08,0.0,,0,,,
217.3,162.08,0.0,,0,,,
217.4,162.08,0.0,,0,,,
217.5,162.08,0.0,,0,,,
217.6,162.08,0.0,,0,,,
217.7,162.33,0.0,,0,,,
217.8,162.33,0.0,,0,,,
217.9,162.33,0.0,,0,,,
218.0,162.33,0.0,,0,,,
218.1,162.58,0.0,,0,,,
218.2,162.58,0.13,,1,,,
218.3,162.58,-0.13,,0,,,
218.4,162.58,0.0,,0,,,
218.5,162.58,0.0,,0,,,
218.6,162.83,0.0,,0,,,
218.7,162.83,0.0,,0,,,
218.8,162.83,0.0,,0,,,
218.9,163.08,0.0,,0,,,
219.0,163.08,0.0,,0,,,
219.1,163.08,0.0,,0,,,
219.2,163.08,0.0,,0,,,
219.3,163.08,0.0,,0,,,
219.4,163.08,0.0,,0,,,
219.5,163.34,0.0,,0,,,
219.6,163.34,0.0,,0,,,
219.7,163.34,0.0,,0,,,
219.8,163.34,0.0,,0,,,
219.9,163.59,0.0,,0,,,
220.0,163.59,0.0,,0,,,
220.1,163.59,0.0,,0,,,
220.2,163.59,0.0,,0,,,
220.3,163.85,0.0,,0,,,
220.4,163.85,0.0,,0,,,
220.5,163.85,0.0,,0,,,
220.6,163.85,0.0,,0,,,
220.7,163.85,0.0,,0,,,
220.8,164.1,0.0,,0,,,
220.9,164.1,0.13,,1,,,
221.0,164.1,-0.13,,0,,,
221.1,164.1,0.0,,0,,,
221.2,164.36,0.0,,0,,,
221.3,164.36,0.0,,0,,,
221.4,164.36,0.0,,0,,,
221.5,164.36,0.0,,0,,,
221.6,164.62,0.0,,0,,,
221.7,164.62,0.0,,0,,,
221.8,164.62,0.0,,0,,,
221.9,164.62,0.0,,0,,,
222.0,164.88,0.0,,0,,,
222.1,164.88,0.0,,0,,,
222.2,164.88,0.0,,0,,,
222.3,164.88,0.0,,0,,,
222.4,164.88,0.0,,0,,,
222.5,165.14,0.0,,0,,,
222.6,165.14,0.0,,0,,,
222.7,165.14,0.0,,0,,,
222.8,165.14,0.0,,0,,,
222.9,165.4,0.0,,0,,,
223.0,165.4,0.0,,0,,,
223.1,165.4,0.0,,0,,,
223.2,165.4,0.0,,0,,,
223.3,165.66,0.0,,0,,,
223.4,165.66,0.0,,0,,,
223.5,165.66,0.0,,0,,,
223.6,165.66,0.0,,0,,,
223.7,165.93,0.0,,0,,,
223.8,165.93,0.0,,0,,,
223.9,165.93,0.0,,0,,,
224.0,165.93,0.0,,0,,,
224.1,165.93,0.0,,0,,,
224.2,165.93,0.0,,0,,,
224.3,166.19,0.0,,0,,,
224.4,166.19,0.0,,0,,,
224.5,166.19,0.0,,0,,,
224.6,166.19,0.0,,0,,,
224.7,166.19,0.13,,1,,,
224.8,166.46,-0.13,,0,,,
224.9,166.46,0.0,,0,,,
225.0,166.46,0.0,,0,,,
225.1,166.46,0.0,,0,,,
225.2,166.72,0.0,,0,,,
225.3,166.72,0.0,,0,,,
225.4,166.72,0.0,,0,,,
225.5,166.72,0.0,,0,,,
225.6,166.72,0.0,,0,,,
225.7,166.99,0.0,,0,,,
225.8,166.99,0.0,,0,,,
225.9,167.26,0.0,,0,,,
226.0,167.26,0.0,,0,,,
226.1,166.99,0.0,,0,,,
226.2,167.26,0.0,,0,,,
226.3,167.26,0.0,,0,,,
226.4,167.26,0.0,,0,,,
226.5,167.26,0.0,,0,,,
226.6,167.26,0.0,,0,,,
226.7,167.53,0.0,,0,,,
226.8,167.53,0.0,,0,,,
226.9,167.53,0.0,,0,,,
227.0,167.53,0.0,,0,,,
227.1,167.53,0.0,,0,,,
227.2,167.53,0.0,,0,,,
227.3,167.81,0.0,,0,,,
227.4,167.81,0.0,,0,,,
227.5,167.81,0.13,,1,,,
227.6,167.81,-0.13,,0,,,
227.7,168.08,0.0,,0,,,
227.8,168.08,0.0,,0,,,
227.9,168.08,0.0,,0,,,
228.0,168.08,0.0,,0,,,
228.1,168.35,0.0,,0,,,
228.2,168.08,0.0,,0,,,
228.3,168.35,0.0,,0,,,
228.4,168.35,0.0,,0,,,
228.5,168.35,0.0,,0,,,
228.6,168.63,0.0,,0,,,
228.7,168.63,0.0,,0,,,
228.8,168.63,0.0,,0,,,
228.9,168.63,0.0,,0,,,
229.0,168.63,0.0,,0,,,
229.1,168.63,0.0,,0,,,
229.2,168.63,0.0,,0,,,
229.3,168.91,0.0,,0,,,
229.4,168.91,0.0,,0,,,
229.5,168.91,0.0,,0,,,
229.6,169.18,0.0,,0,,,
229.7,168.91,0.0,,0,,,
229.8,168.91,0.0,,0,,,
229.9,169.18,0.0,,0,,,
230.0,169.18,0.0,,0,,,
230.1,169.18,0.0,,0,,,
230.2,169.46,0.0,,0,,,
230.3,169.46,0.0,,0,,,
230.4,169.46,0.13,,1,,,
230.5,169.46,0.0,,0,,,
230.6,169.46,-0.13,,0,,,
230.7,169.46,0.0,,0,,,
230.8,169.75,0.0,,0,,,
230.9,169.75,0.0,,0,,,
231.0,170.03,0.0,,0,,,
231.1,170.03,0.0,,0,,,
231.2,170.03,0.0,,0,,,
231.3,170.03,0.0,,0,,,
231.4,170.03,0.0,,0,,,
231.5,170.03,0.0,,0,,,
231.6,170.03,0.0,,0,,,
231.7,170.03,0.0,,0,,,
231.8,170.31,0.0,,0,,,
231.9,170.31,0.0,,0,,,
232.0,170.31,0.0,,0,,,
232.1,170.31,0.0,,0,,,
232.2,170.6,0.0,,0,,,
232.3,170.31,0.0,,0,,,
232.4,170.6,0.0,,0,,,
232.5,170.6,0.0,,0,,,
232.6,170.6,0.0,,0,,,
232.7,170.6,0.0,,0,,,
232.8,170.88,0.0,,0,,,
232.9,170.6,0.0,,0,,,
233.0,170.88,0.0,,0,,,
233.1,170.88,0.0,,0,,,
233.2,170.88,0.0,,0,,,
233.3,170.88,0.0,,0,,,
233.4,171.17,0.0,,0,,,
233.5,171.17,0.0,,0,,,
233.6,171.17,0.0,,0,,,
233.7,171.17,0.0,,0,,,
233.8,171.17,0.0,,0,,,
233.9,171.17,0.0,,0,,,
234.0,171.46,0.0,,0,,,
234.1,171.46,0.0,,0,,,
234.2,171.46,0.0,,0,,,
234.3,171.75,0.0,,0,,,
234.4,171.75,0.0,,0,,,
234.5,171.46,0.0,,0,,,
234.6,171.75,0.0,,0,,,
234.7,171.75,0.0,,0,,,
234.8,171.75,0.0,,0,,,
234.9,171.75,0.0,,0,,,
235.0,172.04,0.0,,0,,,
235.1,172.04,0.0,,0,,,
235.2,172.04,0.0,,0,,,
235.3,172.04,0.0,,0,,,
235.4,172.04,0.0,,0,,,
235.5,172.34,0.0,,0,,,
235.6,172.34,0.0,,0,,,
235.7,172.34,0.0,,0,,,
235.8,172.34,0.0,,0,,,
235.9,172.34,0.0,,0,,,
236.0,172.34,0.0,,0,,,
236.1,172.63,0.0,,0,,,
236.2,172.63,0.0,,0,,,
236.3,172.63,0.0,,0,,,
236.4,172.63,0.0,,0,,,
236.5,172.63,0.0,,0,,,
236.6,172.93,0.0,,0,,,
236.7,172.93,0.0,,0,,,
236.8,172.93,0.0,,0,,,
236.9,172.93,0.0,,0,,,
237.0,172.93,0.0,,0,,,
237.1,173.23,0.0,,0,,,
237.2,173.23,0.0,,0,,,
237.3,173.23,0.0,,0,,,
237.4,173.23,0.0,,0,,,
237.5,173.23,0.0,,0,,,
237.6,173.53,0.0,,0,,,
237.7,173.53,0.0,,0,,,
237.8,173.53,0.0,,0,,,
237.9,173.53,0.0,,0,,,
238.0,173.53,0.0,,0,,,
238.1,173.53,0.0,,0,,,
238.2,173.83,0.0,,0,,,
238.3,173.83,0.0,,0,,,
238.4,173.83,0.0,,0,,,
238.5,173.83,0.0,,0,,,
238.6,174.13,0.0,,0,,,
238.7,173.83,0.0,,0,,,
238.8,173.83,0.0,,0,,,
238.9,174.13,0.0,,0,,,
239.0,174.13,0.0,,0,,,
239.1,174.13,0.0,,0,,,
239.2,174.13,0.0,,0,,,
239.3,174.13,0.0,,0,,,
239.4,174.44,0.0,,0,,,
239.5,174.44,0.0,,0,,,
239.6,174.44,0.0,,0,,,
239.7,174.44,0.0,,0,,,
239.8,174.74,0.0,,0,,,
239.9,174.44,0.0,,0,,,
240.0,174.74,0.0,,0,,,
240.1,174.74,0.0,,0,,,
240.2,174.74,0.0,,0,,,
240.3,175.05,0.0,,0,,,
240.4,175.05,0.0,,0,,,
240.5,175.05,0.0,,0,,,
240.6,175.05,0.0,,0,,,
240.7,175.05,0.0,,0,,,
240.8,175.05,0.0,,0,,,
240.9,175.36,0.0,,0,,,
241.0,175.36,0.0,,0,,,
241.1,175.36,0.0,,0,,,
241.2,175.36,0.0,,0,,,
241.3,175.36,0.0,,0,,,
241.4,175.36,0.0,,0,,,
241.5,175.67,0.0,,0,,,
241.6,175.67,0.0,,0,,,
241.7,175.67,0.0,,0,,,
241.8,175.67,0.0,,0,,,
241.9,175.67,0.0,,0,,,
242.0,175.98,0.0,,0,,,
242.1,175.67,0.0,,0,,,
242.2,175.98,0.0,,0,,,
242.3,175.98,0.0,,0,,,
242.4,175.98,0.0,,0,,,
242.5,175.98,0.0,,0,,,
242.6,176.3,0.0,,0,,,
242.7,176.3,0.0,,0,,,
242.8,176.3,0.0,,0,,,
242.9,176.3,0.0,,0,,,
243.0,176.3,0.0,,0,,,
243.1,176.3,0.0,,0,,,
243.2,176.62,0.0,,0,,,
243.3,176.62,0.0,,0,,,
243.4,176.62,0.0,,0,,,
243.5,176.62,0.0,,0,,,
243.6,176.62,0.0,,0,,,
243.7,176.62,0.0,,0,,,
243.8,176.93,0.0,,0,,,
243.9,176.93,0.0,,0,,,
244.0,176.93,0.0,,0,,,
244.1,176.93,0.0,,0,,,
244.2,176.93,0.0,,0,,,
244.3,177.25,0.0,,0,,,
244.4,177.25,0.0,,0,,,
244.5,177.25,0.0,,0,,,
244.6,177.25,0.0,,0,,,
244.7,177.25,0.0,,0,,,
244.8,177.25,0.0,,0,,,
244.9,177.57,0.0,,0,,,
245.0,177.57,0.0,,0,,,
245.1,177.57,0.0,,0,,,
245.2,177.57,0.0,,0,,,
245.3,177.57,0.0,,0,,,
245.4,177.57,0.0,,0,,,
245.5,177.57,0.0,,0,,,
245.6,177.9,0.0,,0,,,
245.7,177.9,0.0,,0,,,
245.8,177.9,0.0,,0,,,
245.9,177.9,0.0,,0,,,
246.0,177.9,0.0,,0,,,
246.1,177.9,0.0,,0,,,
246.2,178.22,0.0,,0,,,
246.3,178.22,0.0,,0,,,
246.4,178.22,0.0,,0,,,
246.5,178.22,0.0,,0,,,
246.6,178.22,0.0,,0,,,
246.7,178.22,0.0,,0,,,
246.8,178.22,0.0,,0,,,
246.9,178.55,0.0,,0,,,
247.0,178.55,0.0,,0,,,
247.1,178.55,0.0,,0,,,
247.2,178.55,0.0,,0,,,
247.3,178.55,0.0,,0,,,
247.4,178.55,0.0,,0,,,
247.5,178.88,0.0,,0,,,
247.6,178.88,0.0,,0,,,
247.7,178.88,0.0,,0,,,
247.8,178.88,0.0,,0,,,
247.9,178.88,0.0,,0,,,
248.0,178.88,0.0,,0,,,
248.1,179.21,0.0,,0,,,
248.2,179.21,0.0,,0,,,
248.3,179.21,0.0,,0,,,
248.4,179.21,0.0,,0,,,
248.5,179.21,0.0,,0,,,
248.6,179.21,0.0,,0,,,
248.7,179.54,0.0,,0,,,
248.8,179.54,0.0,,0,,,
248.9,179.54,0.0,,0,,,
249.0,179.54,0.0,,0,,,
249.1,179.54,0.0,,0,,,
249.2,179.54,0.0,,0,,,
249.3,179.88,0.0,,0,,,
249.4,179.88,0.0,,0,,,
249.5,179.88,0.0,,0,,,
249.6,179.88,0.0,,0,,,
249.7,179.88,0.0,,0,,,
249.8,179.88,0.0,,0,,,
249.9,179.88,0.0,,0,,,
250.0,180.21,0.0,,0,,,
250.1,180.21,0.0,,0,,,
250.2,180.21,0.0,,0,,,
250.3,180.21,0.0,,0,,,
250.4,180.21,0.0,,0,,,
250.5,180.21,0.0,,0,,,
250.6,180.21,0.0,,0,,,
250.7,180.55,0.0,,0,,,
250.8,180.55,0.0,,0,,,
250.9,180.55,0.0,,0,,,
251.0,180.55,0.0,,0,,,
251.1,180.55,0.0,,0,,,
251.2,180.55,0.0,,0,,,
251.3,180.89,0.0,,0,,,
251.4,180.55,0.0,,0,,,
251.5,180.89,0.0,,0,,,
251.6,180.89,0.0,,0,,,
251.7,180.89,0.0,,0,,,
251.8,180.89,0.0,,0,,,
251.9,181.24,0.0,,0,,,
252.0,180.89,0.0,,0,,,
252.1,180.89,0.0,,0,,,
252.2,181.24,0.0,,0,,,
252.3,181.24,0.0,,0,,,
252.4,181.24,0.0,,0,,,
252.5,181.24,0.0,,0,,,
252.6,181.24,0.0,,0,,,
252.7,181.24,0.0,,0,,,
252.8,181.24,0.0,,0,,,
252.9,181.58,0.0,,0,,,
253.0,181.58,0.0,,0,,,
253.1,181.58,0.0,,0,,,
253.2,181.58,0.0,,0,,,
253.3,181.93,0.0,,0,,,
253.4,181.58,0.0,,0,,,
253.5,181.93,0.0,,0,,,
253.6,181.93,0.0,,0,,,
253.7,181.93,0.0,,0,,,
253.8,181.93,0.0,,0,,,
253.9,181.93,0.0,,0,,,
254.0,181.93,0.0,,0,,,
254.1,182.28,0.0,,0,,,
254.2,182.28,0.0,,0,,,
254.3,182.28,0.0,,0,,,
254.4,182.28,0.0,,0,,,
254.5,182.28,0.0,,0,,,
254.6,182.28,0.0,,0,,,
254.7,182.63,0.0,,0,,,
254.8,182.28,0.0,,0,,,
254.9,182.63,0.0,,0,,,
255.0,182.63,0.0,,0,,,
255.1,182.63,0.0,,0,,,
255.2,182.63,0.0,,0,,,
255.3,182.63,0.0,,0,,,
255.4,182.63,0.0,,0,,,
255.5,182.63,0.0,,0,,,
255.6,182.98,0.0,,0,,,
255.7,182.98,0.0,,0,,,
255.8,182.98,0.0,,0,,,
255.9,182.98,0.0,,0,,,
256.0,182.98,0.0,,0,,,
256.1,182.98,0.0,,0,,,
256.2,182.98,0.0,,0,,,
256.3,183.34,0.0,,0,,,
256.4,183.34,0.0,,0,,,
256.5,183.34,0.0,,0,,,
256.6,183.34,0.0,,0,,,
256.7,183.34,0.0,,0,,,
256.8,183.34,0.0,,0,,,
256.9,183.34,0.0,,0,,,
257.0,183.7,0.0,,0,,,
257.1,183.7,0.0,,0,,,
257.2,183.7,0.0,,0,,,
257.3,183.7,0.0,,0,,,
257.4,183.7,0.0,,0,,,
257.5,184.06,0.0,,0,,,
257.6,183.7,0.0,,0,,,
257.7,184.06,0.0,,0,,,
257.8,184.06,0.0,,0,,,
257.9,184.06,0.0,,0,,,
258.0,184.06,0.0,,0,,,
258.1,184.06,0.0,,0,,,
258.2,184.06,0.0,,0,,,
258.3,184.06,0.0,,0,,,
258.4,184.42,0.0,,0,,,
258.5,184.42,0.0,,0,,,
258.6,184.42,0.0,,0,,,
258.7,184.42,0.0,,0,,,
258.8,184.42,0.0,,0,,,
258.9,184.42,0.0,,0,,,
259.0,184.78,0.0,,0,,,
259.1,184.78,0.0,,0,,,
259.2,184.78,0.0,,0,,,
259.3,184.78,0.0,,0,,,
259.4,184.78,0.0,,0,,,
259.5,184.78,0.0,,0,,,
259.6,184.78,0.0,,0,,,
259.7,184.78,0.0,,0,,,
259.8,184.78,0.0,,0,,,
259.9,185.15,0.0,,0,,,
260.0,185.15,0.0,,0,,,
260.1,185.15,0.0,,0,,,
260.2,185.15,0.0,,0,,,
260.3,185.15,0.0,,0,,,
260.4,185.15,0.0,,0,,,
260.5,185.52,0.0,,0,,,
260.6,185.52,0.0,,0,,,
260.7,185.52,0.0,,0,,,
260.8,185.52,0.0,,0,,,
260.9,185.52,0.0,,0,,,
261.0,185.52,0.0,,0,,,
261.1,185.52,0.0,,0,,,
261.2,185.52,0.0,,0,,,
261.3,185.52,0.0,,0,,,
261.4,185.52,0.0,,0,,,
261.5,185.52,0.0,,0,,,
261.6,185.89,0.0,,0,,,
261.7,185.89,0.0,,0,,,
261.8,185.89,0.0,,0,,,
261.9,185.89,0.0,,0,,,
262.0,185.89,0.0,,0,,,
262.1,185.89,0.0,,0,,,
262.2,186.27,0.0,,0,,,
262.3,186.27,0.0,,0,,,
262.4,186.27,0.0,,0,,,
262.5,186.27,0.0,,0,,,
262.6,186.27,0.0,,0,,,
262.7,186.65,0.0,,0,,,
262.8,186.65,0.0,,0,,,
262.9,186.65,0.0,,0,,,
263.0,186.65,0.0,,0,,,
263.1,186.65,0.0,,0,,,
263.2,186.65,0.0,,0,,,
263.3,186.65,0.0,,0,,,
263.4,186.65,0.0,,0,,,
263.5,186.65,0.0,,0,,,
263.6,187.03,0.0,,0,,,
263.7,187.03,0.0,,0,,,
263.8,187.03,0.0,,0,,,
263.9,187.03,0.0,,0,,,
264.0,187.03,0.0,,0,,,
264.1,187.03,0.0,,0,,,
264.2,187.03,0.0,,0,,,
264.3,187.03,0.0,,0,,,
264.4,187.03,0.0,,0,,,
264.5,187.41,0.0,,0,,,
264.6,187.41,0.0,,0,,,
264.7,187.41,0.0,,0,,,
264.8,187.41,0.0,,0,,,
264.9,187.41,0.0,,0,,,
265.0,187.41,0.0,,0,,,
265.1,187.41,0.0,,0,,,
265.2,187.79,0.0,,0,,,
265.3,187.41,0.0,,0,,,
265.4,187.79,0.0,,0,,,
265.5,187.79,0.0,,0,,,
265.6,187.79,0.0,,0,,,
265.7,187.79,0.0,,0,,,
265.8,187.79,0.0,,0,,,
265.9,187.79,0.0,,0,,,
266.0,187.79,0.0,,0,,,
266.1,188.18,0.0,,0,,,
266.2,188.18,0.0,,0,,,
266.3,188.18,0.0,,0,,,
266.4,187.79,0.0,,0,,,
266.5,188.18,0.0,,0,,,
266.6,188.18,0.0,,0,,,
266.7,188.18,0.0,,0,,,
266.8,188.18,0.0,,0,,,
266.9,188.18,0.0,,0,,,
267.0,188.18,0.0,,0,,,
267.1,188.57,0.0,,0,,,
267.2,188.57,0.0,,0,,,
267.3,188.57,0.0,,0,,,
267.4,188.57,0.0,,0,,,
267.5,188.57,0.0,,0,,,
267.6,188.57,0.0,,0,,,
267.7,188.57,0.0,,0,,,
267.8,188.57,0.0,,0,,,
267.9,188.97,0.0,,0,,,
268.0,188.97,0.0,,0,,,
268.1,188.97,0.0,,0,,,
268.2,188.97,0.0,,0,,,
268.3,188.97,0.0,,0,,,
268.4,188.97,0.0,,0,,,
268.5,188.97,0.0,,0,,,
268.6,189.36,0.0,,0,,,
268.7,189.36,0.0,,0,,,
268.8,189.36,0.0,,0,,,
268.9,189.36,0.0,,0,,,
269.0,189.36,0.0,,0,,,
269.1,189.36,0.0,,0,,,
269.2,189.36,0.0,,0,,,
269.3,189.36,0.0,,0,,,
269.4,189.36,0.0,,0,,,
269.5,189.36,0.0,,0,,,
269.6,189.76,0.0,,0,,,
269.7,189.76,0.0,,0,,,
269.8,190.16,0.0,,0,,,
269.9,189.76,0.0,,0,,,
270.0,189.76,0.0,,0,,,
270.1,189.76,0.0,,0,,,
270.2,189.76,0.0,,0,,,
270.3,189.76,0.0,,0,,,
270.4,190.16,0.0,,0,,,
270.5,190.16,0.0,,0,,,
270.6,190.16,0.0,,0,,,
270.7,190.16,0.0,,0,,,
270.8,190.16,0.0,,0,,,
270.9,190.16,0.0,,0,,,
271.0,190.16,0.0,,0,,,
271.1,190.16,0.0,,0,,,
271.2,190.16,0.0,,0,,,
271.3,190.57,0.0,,0,,,
271.4,190.57,0.0,,0,,,
271.5,190.57,0.0,,0,,,
271.6,190.57,0.0,,0,,,
271.7,190.57,0.0,,0,,,
271.8,190.57,0.0,,0,,,
271.9,190.57,0.0,,0,,,
272.0,190.57,0.0,,0,,,
272.1,190.57,0.0,,0,,,
272.2,190.98,0.0,,0,,,
272.3,190.98,0.0,,0,,,
272.4,190.98,0.0,,0,,,
272.5,190.98,0.0,,0,,,
272.6,190.98,0.0,,0,,,
272.7,190.98,0.0,,0,,,
272.8,190.98,0.0,,0,,,
272.9,190.98,0.0,,0,,,
273.0,190.98,0.0,,0,,,
273.1,191.39,0.0,,0,,,
273.2,191.39,0.0,,0,,,
273.3,191.39,0.0,,0,,,
273.4,191.39,0.0,,0,,,
273.5,191.39,0.0,,0,,,
273.6,191.39,0.0,,0,,,
273.7,191.39,0.0,,0,,,
273.8,191.39,0.0,,0,,,
273.9,191.39,0.0,,0,,,
274.0,191.8,0.0,,0,,,
274.1,191.8,0.0,,0,,,
274.2,191.8,0.0,,0,,,
274.3,191.8,0.0,,0,,,
274.4,191.8,0.0,,0,,,
274.5,191.8,0.0,,0,,,
274.6,191.8,0.0,,0,,,
274.7,191.8,0.0,,0,,,
274.8,191.8,0.0,,0,,,
274.9,191.8,0.0,,0,,,
275.0,192.22,0.0,,0,,,
275.1,192.22,0.0,,0,,,
275.2,192.22,0.0,,0,,,
275.3,192.22,0.0,,0,,,
275.4,192.22,0.0,,0,,,
275.5,192.22,0.0,,0,,,
275.6,192.22,0.0,,0,,,
275.7,192.22,0.0,,0,,,
275.8,192.22,0.0,,0,,,
275.9,192.64,0.0,,0,,,
276.0,192.22,0.0,,0,,,
276.1,192.64,0.0,,0,,,
276.2,192.64,0.0,,0,,,
276.3,192.64,0.0,,0,,,
276.4,192.64,0.0,,0,,,
276.5,192.64,0.0,,0,,,
276.6,192.64,0.0,,0,,,
276.7,193.06,0.0,,0,,,
276.8,193.06,0.0,,0,,,
276.9,192.64,0.0,,0,,,
277.0,193.06,0.0,,0,,,
277.1,193.06,0.0,,0,,,
277.2,193.06,0.0,,0,,,
277.3,193.06,0.0,,0,,,
277.4,193.06,0.0,,0,,,
277.5,193.06,0.0,,0,,,
277.6,193.06,0.0,,0,,,
277.7,193.06,0.0,,0,,,
277.8,193.06,0.0,,0,,,
277.9,193.49,0.0,,0,,,
278.0,193.49,0.0,,0,,,
278.1,193.49,0.0,,0,,,
278.2,193.49,0.0,,0,,,
278.3,193.49,0.0,,0,,,
278.4,193.49,0.0,,0,,,
278.5,193.49,0.0,,0,,,
278.6,193.49,0.0,,0,,,
278.7,193.49,0.0,,0,,,
278.8,193.49,0.0,,0,,,
278.9,193.49,0.0,,0,,,
279.0,193.92,0.0,,0,,,
279.1,193.92,0.0,,0,,,
279.2,193.92,0.0,,0,,,
279.3,193.92,0.0,,0,,,
279.4,193.92,0.0,,0,,,
279.5,193.92,0.0,,0,,,
279.6,193.92,0.0,,0,,,
279.7,193.92,0.0,,0,,,
279.8,194.35,0.0,,0,,,
279.9,193.92,0.0,,0,,,
280.0,194.35,0.0,,0,,,
280.1,194.35,0.0,,0,,,
280.2,194.35,0.0,,0,,,
280.3,194.35,0.0,,0,,,
280.4,194.35,0.0,,0,,,
280.5,194.35,0.0,,0,,,
280.6,194.35,0.0,,0,,,
280.7,194.35,0.0,,0,,,
280.8,194.35,0.0,,0,,,
280.9,194.79,0.0,,0,,,
281.0,194.35,0.0,,0,,,
281.1,194.79,0.0,,0,,,
281.2,194.79,0.0,,0,,,
281.3,194.79,0.0,,0,,,
281.4,194.79,0.0,,0,,,
281.5,194.79,0.0,,0,,,
281.6,194.79,0.0,,0,,,
281.7,194.79,0.0,,0,,,
281.8,194.79,0.0,,0,,,
281.9,194.79,0.0,,0,,,
282.0,195.23,0.0,,0,,,
282.1,194.79,0.0,,0,,,
282.2,195.23,0.0,,0,,,
282.3,195.23,0.0,,0,,,
282.4,195.23,0.0,,0,,,
282.5,195.23,0.0,,0,,,
282.6,195.23,0.0,,0,,,
282.7,195.23,0.0,,0,,,
282.8,195.23,0.0,,0,,,
282.9,195.23,0.0,,0,,,
283.0,195.23,0.0,,0,,,
283.1,195.23,0.0,,0,,,
283.2,195.23,0.0,,0,,,
283.3,195.67,0.0,,0,,,
283.4,195.67,0.0,,0,,,
283.5,195.67,0.0,,0,,,
283.6,195.67,0.0,,0,,,
283.7,195.67,0.0,,0,,,
283.8,195.67,0.0,,0,,,
283.9,195.67,0.0,,0,,,
284.0,195.67,0.0,,0,,,
284.1,195.67,0.0,,0,,,
284.2,195.67,0.0,,0,,,
284.3,196.12,0.0,,0,,,
284.4,196.12,0.13,,1,,,
284.5,195.67,-0.13,,0,,,
284.6,196.12,0.13,,1,,,
284.7,196.12,-0.13,,0,,,
284.8,196.12,0.0,,0,,,
284.9,196.12,0.0,,0,,,
285.0,196.12,0.0,,0,,,
285.1,196.12,0.0,,0,,,
285.2,196.12,0.0,,0,,,
285.3,196.12,0.0,,0,,,
285.4,196.57,0.0,,0,,,
285.5,196.12,0.0,,0,,,
285.6,196.57,0.0,,0,,,
285.7,196.57,0.0,,0,,,
285.8,196.57,0.0,,0,,,
285.9,196.57,0.0,,0,,,
286.0,196.57,0.0,,0,,,
286.1,196.57,0.0,,0,,,
286.2,196.57,0.0,,0,,,
286.3,196.57,0.0,,0,,,
286.4,197.02,0.0,,0,,,
286.5,196.57,0.0,,0,,,
286.6,197.02,0.0,,0,,,
286.7,196.57,0.0,,0,,,
286.8,197.02,0.0,,0,,,
286.9,197.02,0.0,,0,,,
287.0,197.02,0.0,,0,,,
287.1,197.02,0.0,,0,,,
287.2,197.02,0.0,,0,,,
287.3,197.02,0.0,,0,,,
287.4,197.02,0.0,,0,,,
287.5,197.02,0.0,,0,,,
287.6,197.02,0.0,,0,,,
287.7,197.02,0.0,,0,,,
287.8,197.48,0.0,,0,,,
287.9,197.48,0.0,,0,,,
288.0,197.48,0.0,,0,,,
288.1,197.48,0.0,,0,,,
288.2,197.48,0.0,,0,,,
288.3,197.48,0.0,,0,,,
288.4,197.48,0.0,,0,,,
288.5,197.48,0.0,,0,,,
288.6,197.48,0.0,,0,,,
288.7,197.48,0.0,,0,,,
288.8,197.48,0.0,,0,,,
288.9,197.48,0.0,,0,,,
289.0,197.95,0.0,,0,,,
289.1,197.48,0.0,,0,,,
289.2,197.95,0.0,,0,,,
289.3,197.95,0.0,,0,,,
289.4,197.95,0.0,,0,,,
289.5,197.95,0.0,,0,,,
289.6,197.95,0.0,,0,,,
289.7,197.95,0.13,,1,,,
289.8,197.95,-0.13,,0,,,
289.9,197.95,0.0,,0,,,
290.0,197.95,-0.13,,0,,,
290.1,197.95,0.0,,0,,,
290.2,197.95,0.0,,0,,,
290.3,197.95,0.0,,0,,,
290.4,197.95,0.0,,0,,,
290.5,197.95,0.0,,0,,,
290.6,197.95,0.0,,0,,,
290.7,197.95,0.0,,0,,,
290.8,198.41,0.0,,0,,,
290.9,198.41,0.0,,0,,,
291.0,198.41,0.0,,0,,,
291.1,198.41,0.0,,0,,,
291.2,198.41,0.0,,0,,,
291.3,198.41,0.0,,0,,,
291.4,198.41,0.0,,0,,,
291.5,198.41,0.0,,0,,,
291.6,198.41,0.0,,0,,,
291.7,198.41,0.0,,0,,,
291.8,198.41,0.0,,0,,,
291.9,198.41,0.0,,0,,,
292.0,198.41,0.0,,0,,,
292.1,198.41,0.0,,0,,,
292.2,198.41,0.0,,0,,,
292.3,198.41,0.0,,0,,,
292.4,198.41,0.0,,0,,,
292.5,198.41,0.0,,0,,,
292.6,198.41,0.0,,0,,,
292.7,198.41,0.0,,0,,,
292.8,198.41,0.0,,0,,,
292.9,198.41,0.0,,0,,,
293.0,198.41,0.0,,0,,,
293.1,198.41,0.0,,0,,,
293.2,198.41,0.0,,0,,,
293.3,198.88,0.0,,0,,,
293.4,198.88,0.0,,0,,,
293.5,198.88,0.0,,0,,,
293.6,198.88,0.0,,0,,,
293.7,198.41,0.0,,0,,,
293.8,198.88,0.0,,0,,,
293.9,198.88,0.0,,0,,,
294.0,198.88,0.0,,0,,,
294.1,198.41,0.0,,0,,,
294.2,198.88,0.0,,0,,,
294.3,198.88,0.0,,0,,,
294.4,198.41,0.0,,0,,,
294.5,198.88,0.0,,0,,,
294.6,198.88,0.0,,0,,,
294.7,198.88,0.0,,0,,,
294.8,198.88,0.0,,0,,,
294.9,198.88,0.0,,0,,,
295.0,198.88,0.0,,0,,,
295.1,198.88,0.0,,0,,,
295.2,198.88,0.0,,0,,,
295.3,198.88,0.0,,0,,,
295.4,198.88,0.0,,0,,,
295.5,198.88,0.0,,0,,,
295.6,198.88,0.0,,0,,,
295.7,198.88,0.0,,0,,,
295.8,198.88,0.0,,0,,,
295.9,198.88,0.0,,0,,,
296.0,198.88,0.0,,0,,,
296.1,198.88,0.0,,0,,,
296.2,198.88,0.0,,0,,,
296.3,198.88,0.0,,0,,,
296.4,198.88,0.0,,0,,,
296.5,198.88,0.0,,0,,,
296.6,198.88,0.0,,0,,,
296.7,198.88,0.0,,0,,,
296.8,198.88,0.0,,0,,,
296.9,198.88,0.0,,0,,,
297.0,198.88,0.0,,0,,,
297.1,198.88,0.0,,0,,,
297.2,198.88,0.0,,0,,,
297.3,198.88,0.0,,0,,,
297.4,198.88,0.0,,0,,,
297.5,198.88,0.0,,0,,,
297.6,198.88,0.0,,0,,,
297.7,198.88,0.0,,0,,,
297.8,198.88,0.0,,0,,,
297.9,198.88,0.13,,1,,,
298.0,198.88,0.0,,0,,,
298.1,198.88,-0.13,,0,,,
298.2,198.88,0.0,,0,,,
298.3,198.88,0.0,,0,,,
298.4,198.88,0.0,,0,,,
298.5,198.88,0.0,,0,,,
298.6,198.88,0.0,,0,,,
298.7,198.88,0.0,,0,,,
298.8,198.88,0.0,,0,,,
298.9,198.88,0.0,,0,,,
299.0,198.88,0.0,,0,,,
299.1,198.88,0.0,,0,,,
299.2,198.88,0.0,,0,,,
299.3,198.88,0.0,,0,,,
299.4,198.88,0.0,,0,,,
299.5,198.88,0.0,,0,,,
299.6,198.88,0.0,,0,,,
299.7,198.88,0.0,,0,,,
299.8,198.88,0.0,,0,,,
299.9,198.88,0.0,,0,,,
300.0,198.88,0.0,,0,,,
300.1,198.88,0.0,,0,,,
300.2,198.88,0.0,,0,,,
300.3,198.88,0.0,,0,,,
300.4,198.88,0.13,,1,,,
300.5,198.88,0.0,,0,,,
300.6,198.88,-0.13,,0,,,
300.7,198.88,0.0,,0,,,
300.8,198.88,0.0,,0,,,
300.9,198.88,0.0,,0,,,
301.0,198.88,0.0,,0,,,
301.1,198.88,0.0,,0,,,
301.2,198.88,0.0,,0,,,
301.3,198.88,0.0,,0,,,
301.4,198.88,0.0,,0,,,
301.5,198.88,0.0,,0,,,
301.6,198.88,0.0,,0,,,
301.7,198.88,0.0,,0,,,
301.8,198.88,0.0,,0,,,
301.9,198.88,0.0,,0,,,
302.0,198.88,0.0,,0,,,
302.1,198.88,0.0,,0,,,
302.2,198.88,0.0,,0,,,
302.3,198.88,0.0,,0,,,
302.4,198.88,0.0,,0,,,
302.5,198.88,0.0,,0,,,
302.6,198.88,0.0,,0,,,
302.7,198.88,0.0,,0,,,
302.8,198.88,0.0,,0,,,
302.9,198.88,0.0,,0,,,
303.0,198.88,0.0,,0,,,
303.1,198.88,0.0,,0,,,
303.2,198.88,0.0,,0,,,
303.3,198.88,0.0,,0,,,
303.4,198.88,0.0,,0,,,
303.5,198.88,0.0,,0,,,
303.6,198.88,0.0,,0,,,
303.7,198.88,0.0,,0,,,
303.8,198.88,0.0,,0,,,
303.9,198.88,0.0,,0,,,
304.0,198.88,0.0,,0,,,
304.1,198.88,0.0,,0,,,
304.2,198.88,0.0,,0,,,
304.3,198.88,0.0,,0,,,
304.4,198.88,0.0,,0,,,
304.5,198.88,0.0,,0,,,
304.6,198.88,0.0,,0,,,
304.7,198.88,0.0,,0,,,
304.8,198.88,0.0,,0,,,
304.9,198.88,0.0,,0,,,
305.0,198.88,0.0,,0,,,
305.1,198.88,0.0,,0,,,
305.2,198.88,0.0,,0,,,
305.3,198.88,0.0,,0,,,
305.4,198.88,0.0,,0,,,
305.5,198.88,0.0,,0,,,
305.6,198.88,0.0,,0,,,
305.7,198.88,0.0,,0,,,
305.8,198.88,0.0,,0,,,
305.9,198.88,0.13,,1,,,
306.0,198.88,0.0,,0,,,
306.1,198.88,-0.13,,0,,,
306.2,198.88,0.0,,0,,,
306.3,198.88,0.0,,0,,,
306.4,198.88,0.0,,0,,,
306.5,198.88,0.0,,0,,,
306.6,198.88,0.0,,0,,,
306.7,198.88,0.0,,0,,,
306.8,198.88,0.0,,0,,,
306.9,198.88,0.0,,0,,,
307.0,198.88,0.0,,0,,,
307.1,198.88,0.0,,0,,,
307.2,198.88,0.0,,0,,,
307.3,198.88,0.0,,0,,,
307.4,198.88,0.0,,0,,,
307.5,198.88,0.0,,0,,,
307.6,198.88,0.0,,0,,,
307.7,198.88,0.0,,0,,,
307.8,198.88,0.0,,0,,,
307.9,198.88,0.0,,0,,,
308.0,198.88,0.0,,0,,,
308.1,198.88,0.0,,0,,,
308.2,198.88,0.0,,0,,,
308.3,198.88,0.0,,0,,,
308.4,198.88,0.0,,0,,,
308.5,198.88,0.0,,0,,,
308.6,198.88,0.0,,0,,,
308.7,198.88,0.0,,0,,,
308.8,198.88,0.0,,0,,,
308.9,198.88,0.0,,0,,,
309.0,198.88,0.0,,0,,,
309.1,198.88,0.0,,0,,,
309.2,198.88,0.0,,0,,,
309.3,198.88,0.0,,0,,,
309.4,198.88,0.0,,0,,,
309.5,198.88,0.0,,0,,,
309.6,198.88,0.0,,0,,,
309.7,198.88,0.0,,0,,,
309.8,198.88,0.0,,0,,,
309.9,198.88,0.0,,0,,,
310.0,198.88,0.0,,0,,,
310.1,198.88,0.0,,0,,,
310.2,198.88,0.0,,0,,,
310.3,198.88,0.0,,0,,,
310.4,198.88,0.0,,0,,,
310.5,198.88,0.0,,0,,,
310.6,198.88,0.0,,0,,,
310.7,198.88,0.0,,0,,,
310.8,198.88,0.0,,0,,,
310.9,198.88,0.0,,0,,,
311.0,198.88,0.0,,0,,,
311.1,198.88,0.0,,0,,,
311.2,198.88,0.0,,0,,,
311.3,198.88,0.0,,0,,,
311.4,198.88,0.0,,0,,,
311.5,198.88,0.0,,0,,,
311.6,198.88,0.13,,1,,,
311.7,198.88,-0.13,,0,,,
311.8,198.88,0.0,,0,,,
311.9,198.88,0.0,,0,,,
312.0,198.88,0.0,,0,,,
312.1,198.88,0.0,,0,,,
312.2,198.88,0.0,,0,,,
312.3,198.88,0.0,,0,,,
312.4,198.88,0.0,,0,,,
312.5,198.88,0.0,,0,,,
312.6,198.88,0.0,,0,,,
312.7,198.88,0.0,,0,,,
312.8,198.88,0.0,,0,,,
312.9,198.88,0.0,,0,,,
313.0,198.88,0.0,,0,,,
313.1,198.88,0.0,,0,,,
313.2,198.88,0.0,,0,,,
313.3,198.88,0.0,,0,,,
313.4,198.88,0.0,,0,,,
313.5,198.88,0.0,,0,,,
313.6,198.88,0.0,,0,,,
313.7,198.88,0.0,,0,,,
313.8,198.88,0.0,,0,,,
313.9,198.88,0.0,,0,,,
314.0,198.88,0.0,,0,,,
314.1,198.88,0.0,,0,,,
314.2,198.88,0.0,,0,,,
314.3,198.88,0.0,,0,,,
314.4,198.88,0.0,,0,,,
314.5,198.88,0.0,,0,,,
314.6,198.88,0.0,,0,,,
314.7,198.88,0.0,,0,,,
314.8,198.88,0.0,,0,,,
314.9,198.88,0.0,,0,,,
315.0,198.41,0.0,,0,,,
315.1,198.88,0.0,,0,,,
315.2,198.88,0.0,,0,,,
315.3,198.88,0.0,,0,,,
315.4,198.41,0.0,,0,,,
315.5,198.88,0.0,,0,,,
315.6,198.88,0.0,,0,,,
315.7,198.88,0.0,,0,,,
315.8,198.88,0.0,,0,,,
315.9,198.88,0.0,,0,,,
316.0,198.88,0.0,,0,,,
316.1,198.88,0.0,,0,,,
316.2,198.88,0.0,,0,,,
316.3,198.41,0.0,,0,,,
316.4,198.88,0.0,,0,,,
316.5,198.41,0.0,,0,,,
316.6,198.88,0.0,,0,,,
316.7,198.41,0.0,,0,,,
316.8,198.41,0.0,,0,,,
316.9,198.88,0.0,,0,,,
317.0,198.41,0.0,,0,,,
317.1,198.88,0.0,,0,,,
317.2,198.41,0.0,,0,,,
317.3,198.88,0.13,,1,,,
317.4,198.88,0.0,,0,,,
317.5,198.88,0.13,,1,,,
317.6,198.41,-0.13,,0,,,
317.7,198.88,0.0,,0,,,
317.8,198.41,0.0,,0,,,
317.9,198.41,0.0,,0,,,
318.0,198.41,0.0,,0,,,
318.1,198.41,0.0,,0,,,
318.2,198.41,0.0,,0,,,
318.3,198.41,0.0,,0,,,
318.4,198.41,0.0,,0,,,
318.5,198.88,0.0,,0,,,
318.6,198.41,0.0,,0,,,
318.7,198.41,0.0,,0,,,
318.8,198.41,0.0,,0,,,
318.9,198.41,0.0,,0,,,
319.0,198.41,0.0,,0,,,
319.1,198.41,0.0,,0,,,
319.2,198.41,0.0,,0,,,
319.3,198.41,0.0,,0,,,
319.4,198.41,0.0,,0,,,
319.5,198.41,0.0,,0,,,
319.6,198.41,0.0,,0,,,
319.7,198.41,0.0,,0,,,
319.8,198.41,0.0,,0,,,
319.9,198.41,0.0,,0,,,
320.0,198.41,0.0,,0,,,
320.1,198.41,0.13,,1,,,
320.2,198.41,-0.13,,0,,,
320.3,198.41,0.0,,0,,,
320.4,198.41,0.0,,0,,,
320.5,198.41,0.0,,0,,,
320.6,198.41,0.0,,0,,,
320.7,198.41,0.0,,0,,,
320.8,198.41,0.0,,0,,,
320.9,198.41,0.0,,0,,,
321.0,198.41,0.0,,0,,,
321.1,198.41,0.0,,0,,,
321.2,198.41,0.0,,0,,,
321.3,198.41,0.0,,0,,,
321.4,198.41,0.0,,0,,,
321.5,198.41,0.0,,0,,,
321.6,198.41,0.0,,0,,,
321.7,198.41,0.0,,0,,,
321.8,198.41,0.0,,0,,,
321.9,198.41,0.0,,0,,,
322.0,198.41,0.0,,0,,,
322.1,198.41,0.0,,0,,,
322.2,198.41,0.0,,0,,,
322.3,198.41,0.0,,0,,,
322.4,197.95,0.0,,0,,,
322.5,198.41,0.0,,0,,,
322.6,198.41,0.0,,0,,,
322.7,197.95,0.0,,0,,,
322.8,198.41,0.13,,1,,,
322.9,198.41,-0.13,,0,,,
323.0,198.41,0.0,,0,,,
323.1,198.41,0.13,,1,,,
323.2,198.41,-0.11,,0,,,
323.3,197.95,0.0,,0,,,
323.4,197.95,0.0,,0,,,
323.5,198.41,0.13,,1,,,
323.6,198.41,-0.13,,0,,,
323.7,197.95,0.0,,0,,,
323.8,197.95,0.0,,0,,,
323.9,198.41,0.0,,0,,,
324.0,198.41,0.0,,0,,,
324.1,198.41,0.0,,0,,,
324.2,197.95,0.0,,0,,,
324.3,198.41,0.0,,0,,,
324.4,197.95,0.0,,0,,,
324.5,197.95,0.0,,0,,,
324.6,197.95,0.0,,0,,,
324.7,197.95,0.0,,0,,,
324.8,197.95,0.0,,0,,,
324.9,197.95,0.0,,0,,,
325.0,197.95,0.0,,0,,,
325.1,197.95,0.0,,0,,,
325.2,197.95,0.0,,0,,,
325.3,197.95,0.0,,0,,,
325.4,197.95,0.0,,0,,,
325.5,197.95,0.0,,0,,,
325.6,197.95,0.0,,0,,,
325.7,197.95,0.0,,0,,,
325.8,197.95,0.0,,0,,,
325.9,197.95,0.0,,0,,,
326.0,197.95,0.0,,0,,,
326.1,197.95,0.0,,0,,,
326.2,197.95,0.0,,0,,,
326.3,197.95,0.0,,0,,,
326.4,197.95,0.0,,0,,,
326.5,197.95,0.0,,0,,,
326.6,197.95,0.0,,0,,,
326.7,197.95,0.0,,0,,,
326.8,197.95,0.0,,0,,,
326.9,197.95,0.0,,0,,,
327.0,197.95,0.0,,0,,,
327.1,197.95,0.0,,0,,,
327.2,197.95,0.0,,0,,,
327.3,197.95,0.0,,0,,,
327.4,197.95,0.0,,0,,,
327.5,197.95,0.0,,0,,,
327.6,197.95,0.0,,0,,,
327.7,197.95,0.0,,0,,,
327.8,197.95,0.0,,0,,,
327.9,197.95,0.0,,0,,,
328.0,197.95,0.0,,0,,,
328.1,197.95,0.0,,0,,,
328.2,197.95,0.0,,0,,,
328.3,197.95,0.0,,0,,,
328.4,197.95,0.0,,0,,,
328.5,197.95,0.0,,0,,,
328.6,198.41,0.0,,0,,,
328.7,197.95,0.0,,0,,,
328.8,198.41,0.0,,0,,,
328.9,198.41,0.0,,0,,,
329.0,197.95,0.0,,0,,,
329.1,198.41,0.0,,0,,,
329.2,198.41,0.0,,0,,,
329.3,198.41,0.0,,0,,,
329.4,198.41,0.0,,0,,,
329.5,198.41,0.0,,0,,,
329.6,198.41,0.0,,0,,,
329.7,198.41,0.0,,0,,,
329.8,198.41,0.0,,0,,,
329.9,198.41,0.0,,0,,,
330.0,198.41,0.0,,0,,,
330.1,198.41,0.0,,0,,,
330.2,198.41,0.0,,0,,,
330.3,198.41,0.0,,0,,,
330.4,198.41,0.0,,0,,,
330.5,198.41,0.0,,0,,,
330.6,198.41,0.0,,0,,,
330.7,198.41,0.0,,0,,,
330.8,198.41,0.0,,0,,,
330.9,198.88,0.0,,0,,,
331.0,198.41,0.0,,0,,,
331.1,198.41,0.0,,0,,,
331.2,198.41,0.0,,0,,,
331.3,198.41,0.0,,0,,,
331.4,198.41,0.0,,0,,,
331.5,198.41,0.0,,0,,,
331.6,198.41,0.0,,0,,,
331.7,198.41,0.0,,0,,,
331.8,198.41,0.0,,0,,,
331.9,198.41,0.0,,0,,,
332.0,198.41,0.0,,0,,,
332.1,198.41,0.0,,0,,,
332.2,198.41,0.0,,0,,,
332.3,198.41,0.0,,0,,,
332.4,198.41,0.0,,0,,,
332.5,198.41,0.0,,0,,,
332.6,198.41,0.0,,0,,,
332.7,198.41,0.0,,0,,,
332.8,198.41,0.0,,0,,,
332.9,198.41,0.0,,0,,,
333.0,198.41,0.0,,0,,,
333.1,198.41,0.0,,0,,,
333.2,198.41,0.0,,0,,,
333.3,198.41,0.0,,0,,,
333.4,198.41,0.0,,0,,,
333.5,198.41,0.0,,0,,,
333.6,198.41,0.0,,0,,,
333.7,198.41,0.0,,0,,,
333.8,198.41,0.0,,0,,,
333.9,198.41,0.0,,0,,,
334.0,198.41,0.0,,0,,,
334.1,198.41,0.0,,0,,,
334.2,198.88,0.0,,0,,,
334.3,198.41,0.0,,0,,,
334.4,198.88,0.0,,0,,,
334.5,198.41,0.0,,0,,,
334.6,198.88,0.0,,0,,,
334.7,198.88,0.0,,0,,,
334.8,198.88,0.0,,0,,,
334.9,198.41,0.0,,0,,,
335.0,198.88,0.0,,0,,,
335.1,198.41,0.0,,0,,,
335.2,198.88,0.0,,0,,,
335.3,198.41,0.0,,0,,,
335.4,198.41,0.0,,0,,,
335.5,198.41,0.0,,0,,,
335.6,198.88,0.0,,0,,,
335.7,198.41,0.0,,0,,,
335.8,198.88,0.0,,0,,,
335.9,198.88,0.0,,0,,,
336.0,198.88,0.0,,0,,,
336.1,198.88,0.0,,0,,,
336.2,198.41,0.0,,0,,,
336.3,198.88,0.0,,0,,,
336.4,198.41,0.0,,0,,,
336.5,198.88,0.0,,0,,,
336.6,198.88,0.0,,0,,,
336.7,198.88,0.0,,0,,,
336.8,198.88,0.0,,0,,,
336.9,198.41,0.0,,0,,,
337.0,198.88,0.0,,0,,,
337.1,198.41,0.0,,0,,,
337.2,198.88,0.0,,0,,,
337.3,198.88,0.0,,0,,,
337.4,198.88,0.0,,0,,,
337.5,198.88,0.0,,0,,,
337.6,198.41,0.0,,0,,,
337.7,198.88,0.0,,0,,,
337.8,198.88,0.0,,0,,,
337.9,198.88,0.0,,0,,,
338.0,198.88,0.0,,0,,,
338.1,198.88,0.0,,0,,,
338.2,198.88,0.0,,0,,,
338.3,198.41,0.0,,0,,,
338.4,198.41,0.0,,0,,,
338.5,198.41,0.0,,0,,,
338.6,198.88,0.0,,0,,,
338.7,198.41,0.0,,0,,,
338.8,198.41,0.0,,0,,,
338.9,198.41,0.0,,0,,,
339.0,198.41,0.0,,0,,,
339.1,198.88,0.0,,0,,,
339.2,198.41,0.0,,0,,,
339.3,198.41,0.0,,0,,,
339.4,198.41,0.0,,0,,,
339.5,198.41,0.0,,0,,,
339.6,198.41,0.0,,0,,,
339.7,198.88,0.0,,0,,,
339.8,198.41,0.0,,0,,,
339.9,198.41,0.0,,0,,,
340.0,198.41,0.0,,0,,,
340.1,198.88,0.0,,0,,,
340.2,198.88,0.0,,0,,,
340.3,198.88,0.0,,0,,,
340.4,198.41,0.0,,0,,,
340.5,198.41,0.0,,0,,,
340.6,198.41,0.0,,0,,,
340.7,198.41,0.0,,0,,,
340.8,198.88,0.0,,0,,,
340.9,198.41,0.0,,0,,,
341.0,198.88,0.0,,0,,,
341.1,198.41,0.0,,0,,,
341.2,198.41,0.0,,0,,,
341.3,198.41,0.0,,0,,,
341.4,198.41,0.0,,0,,,
341.5,198.41,0.0,,0,,,
341.6,198.41,0.0,,0,,,
341.7,198.41,0.0,,0,,,
341.8,198.41,0.0,,0,,,
341.9,198.41,0.0,,0,,,
342.0,198.41,0.0,,0,,,
342.1,198.41,0.0,,0,,,
342.2,198.41,0.0,,0,,,
342.3,198.41,0.0,,0,,,
342.4,198.88,0.0,,0,,,
342.5,198.88,0.0,,0,,,
342.6,198.41,0.0,,0,,,
342.7,198.41,0.0,,0,,,
342.8,198.41,0.0,,0,,,
342.9,198.41,0.0,,0,,,
343.0,198.41,0.0,,0,,,
343.1,198.41,0.0,,0,,,
343.2,198.41,0.0,,0,,,
343.3,198.41,0.0,,0,,,
343.4,198.41,0.0,,0,,,
343.5,198.41,0.0,,0,,,
343.6,198.41,0.0,,0,,,
343.7,198.41,0.0,,0,,,
343.8,198.41,0.0,,0,,,
343.9,198.41,0.0,,0,,,
344.0,198.41,0.0,,0,,,
344.1,198.41,0.0,,0,,,
344.2,198.41,0.0,,0,,,
344.3,198.41,0.0,,0,,,
344.4,198.41,0.0,,0,,,
344.5,198.41,0.0,,0,,,
344.6,198.41,0.0,,0,,,
344.7,198.41,0.0,,0,,,
344.8,198.41,0.0,,0,,,
344.9,198.41,0.0,,0,,,
345.0,198.41,0.0,,0,,,
345.1,198.41,0.0,,0,,,
345.2,198.41,0.0,,0,,,
345.3,198.41,0.0,,0,,,
345.4,198.41,0.0,,0,,,
345.5,198.41,0.0,,0,,,
345.6,198.41,0.0,,0,,,
345.7,198.41,0.0,,0,,,
345.8,198.41,0.0,,0,,,
345.9,198.41,0.0,,0,,,
346.0,198.41,0.0,,0,,,
346.1,198.41,0.0,,0,,,
346.2,198.41,0.0,,0,,,
346.3,198.41,0.0,,0,,,
346.4,198.41,0.0,,0,,,
346.5,198.41,0.0,,0,,,
346.6,198.41,0.0,,0,,,
346.7,198.41,0.0,,0,,,
346.8,198.41,0.0,,0,,,
346.9,198.41,0.0,,0,,,
347.0,198.41,0.0,,0,,,
347.1,198.41,0.0,,0,,,
347.2,198.41,0.0,,0,,,
347.3,198.41,0.0,,0,,,
347.4,198.41,0.0,,0,,,
347.5,198.41,0.0,,0,,,
347.6,198.41,0.0,,0,,,
347.7,198.41,0.0,,0,,,
347.8,198.41,0.0,,0,,,
347.9,198.41,0.0,,0,,,
348.0,198.41,0.0,,0,,,
348.1,198.41,0.0,,0,,,
348.2,198.41,0.0,,0,,,
348.3,198.41,0.0,,0,,,
348.4,198.41,0.0,,0,,,
348.5,198.41,0.0,,0,,,
348.6,198.88,0.0,,0,,,
348.7,198.41,0.0,,0,,,
348.8,198.41,0.0,,0,,,
348.9,198.41,0.0,,0,,,
349.0,198.41,0.0,,0,,,
349.1,198.41,0.0,,0,,,
349.2,198.88,0.0,,0,,,
349.3,198.41,0.0,,0,,,
349.4,198.88,0.0,,0,,,
349.5,198.41,0.0,,0,,,
349.6,198.88,0.0,,0,,,
349.7,198.88,0.0,,0,,,
349.8,198.88,0.0,,0,,,
349.9,198.41,0.0,,0,,,
350.0,198.41,0.0,,0,,,
350.1,198.88,0.0,,0,,,
350.2,198.41,0.0,,0,,,
350.3,198.41,0.0,,0,,,
350.4,198.88,0.0,,0,,,
350.5,198.41,0.0,,0,,,
350.6,198.88,0.0,,0,,,
350.7,198.88,0.0,,0,,,
350.8,198.88,0.0,,0,,,
350.9,198.88,0.0,,0,,,
351.0,198.88,0.0,,0,,,
351.1,198.88,0.0,,0,,,
351.2,198.88,0.0,,0,,,
351.3,198.88,0.0,,0,,,
351.4,198.88,0.0,,0,,,
351.5,198.88,0.0,,0,,,
351.6,198.88,0.0,,0,,,
351.7,198.88,0.0,,0,,,
351.8,198.88,0.0,,0,,,
351.9,198.88,0.0,,0,,,
352.0,198.88,0.0,,0,,,
352.1,198.88,0.0,,0,,,
352.2,198.88,0.0,,0,,,
352.3,198.88,0.0,,0,,,
352.4,198.88,0.0,,0,,,
352.5,198.88,0.0,,0,,,
352.6,198.88,0.0,,0,,,
352.7,198.88,0.0,,0,,,
352.8,198.88,0.0,,0,,,
352.9,198.88,0.0,,0,,,
353.0,198.88,0.0,,0,,,
353.1,198.88,0.0,,0,,,
353.2,198.88,0.0,,0,,,
353.3,198.88,0.0,,0,,,
353.4,198.88,0.0,,0,,,
353.5,198.88,0.0,,0,,,
353.6,198.88,0.0,,0,,,
353.7,198.88,0.0,,0,,,
353.8,198.88,0.0,,0,,,
353.9,198.88,0.0,,0,,,
354.0,198.88,0.0,,0,,,
354.1,198.88,0.0,,0,,,
354.2,198.88,0.0,,0,,,
354.3,198.88,0.0,,0,,,
354.4,198.88,0.0,,0,,,
354.5,198.88,0.0,,0,,,
354.6,198.88,0.0,,0,,,
354.7,198.88,0.0,,0,,,
354.8,198.88,0.0,,0,,,
354.9,198.88,0.0,,0,,,
355.0,198.88,0.0,,0,,,
355.1,198.88,0.0,,0,,,
355.2,198.88,0.0,,0,,,
355.3,198.88,0.0,,0,,,
355.4,198.88,0.0,,0,,,
355.5,198.88,0.0,,0,,,
355.6,198.88,0.0,,0,,,
355.7,198.88,0.0,,0,,,
355.8,198.88,0.0,,0,,,
355.9,198.88,0.0,,0,,,
356.0,198.88,0.0,,0,,,
356.1,198.88,0.0,,0,,,
356.2,198.88,0.0,,0,,,
356.3,198.88,0.0,,0,,,
356.4,198.88,0.0,,0,,,
356.5,198.88,0.0,,0,,,
356.6,198.88,0.0,,0,,,
356.7,198.88,0.0,,0,,,
356.8,198.88,0.0,,0,,,
356.9,198.88,0.0,,0,,,
357.0,198.88,0.0,,0,,,
357.1,198.41,0.0,,0,,,
357.2,198.41,0.0,,0,,,
357.3,198.88,0.0,,0,,,
357.4,198.88,0.0,,0,,,
357.5,198.88,0.0,,0,,,
357.6,198.41,0.0,,0,,,
357.7,198.88,0.0,,0,,,
357.8,198.88,0.0,,0,,,
357.9,198.41,0.0,,0,,,
358.0,198.88,0.0,,0,,,
358.1,198.41,0.0,,0,,,
358.2,198.88,0.0,,0,,,
358.3,198.41,0.0,,0,,,
358.4,198.41,0.0,,0,,,
358.5,198.41,0.0,,0,,,
358.6,198.41,0.0,,0,,,
358.7,198.88,0.0,,0,,,
358.8,198.41,0.0,,0,,,
358.9,198.41,0.0,,0,,,
359.0,198.88,0.0,,0,,,
359.1,198.88,0.0,,0,,,
359.2,198.88,0.0,,0,,,
359.3,198.41,0.0,,0,,,
359.4,198.88,0.0,,0,,,
359.5,198.41,0.0,,0,,,
359.6,198.88,0.0,,0,,,
359.7,198.41,0.0,,0,,,
359.8,198.41,0.0,,0,,,
359.9,198.88,0.0,,0,,,
360.0,198.41,0.0,,0,,,
360.1,198.88,0.0,,0,,,
360.2,198.88,0.0,,0,,,
360.3,198.88,0.0,,0,,,
360.4,198.88,0.0,,0,,,
360.5,198.41,0.0,,0,,,
360.6,198.88,0.0,,0,,,
360.7,198.41,0.0,,0,,,
360.8,198.88,0.0,,0,,,
360.9,198.41,0.0,,0,,,
361.0,198.41,0.0,,0,,,
361.1,198.41,0.0,,0,,,
361.2,198.88,0.0,,0,,,
361.3,198.88,0.0,,0,,,
361.4,198.88,0.0,,0,,,
361.5,198.41,0.0,,0,,,
361.6,198.41,0.0,,0,,,
361.7,198.41,0.0,,0,,,
361.8,198.41,0.0,,0,,,
361.9,198.88,0.0,,0,,,
362.0,198.88,0.0,,0,,,
362.1,198.88,0.0,,0,,,
362.2,198.41,0.0,,0,,,
362.3,198.88,0.0,,0,,,
362.4,198.88,0.0,,0,,,
362.5,198.88,0.0,,0,,,
362.6,198.41,0.0,,0,,,
362.7,198.41,0.0,,0,,,
362.8,198.41,0.0,,0,,,
362.9,198.41,0.0,,0,,,
363.0,198.41,0.0,,0,,,
363.1,198.41,0.0,,0,,,
363.2,198.41,0.0,,0,,,
363.3,198.41,0.0,,0,,,
363.4,198.41,0.0,,0,,,
363.5,198.88,0.0,,0,,,
363.6,198.41,0.0,,0,,,
363.7,198.41,0.0,,0,,,
363.8,198.88,0.0,,0,,,
363.9,198.41,0.0,,0,,,
364.0,198.88,0.0,,0,,,
364.1,198.41,0.0,,0,,,
364.2,198.41,0.0,,0,,,
364.3,198.41,0.0,,0,,,
364.4,198.88,0.0,,0,,,
364.5,198.88,0.0,,0,,,
364.6,198.88,0.0,,0,,,
364.7,198.41,0.0,,0,,,
364.8,198.88,0.0,,0,,,
364.9,198.41,0.0,,0,,,
365.0,198.41,0.0,,0,,,
365.1,198.88,0.0,,0,,,
365.2,198.88,0.0,,0,,,
365.3,198.41,0.0,,0,,,
365.4,198.88,0.0,,0,,,
365.5,198.88,0.0,,0,,,
365.6,198.41,0.0,,0,,,
365.7,198.41,0.0,,0,,,
365.8,198.88,0.0,,0,,,
365.9,198.41,0.0,,0,,,
366.0,198.88,0.0,,0,,,
366.1,198.88,0.0,,0,,,
366.2,198.41,0.0,,0,,,
366.3,198.88,0.0,,0,,,
366.4,198.88,0.0,,0,,,
366.5,198.88,0.0,,0,,,
366.6,198.88,0.0,,0,,,
366.7,198.88,0.0,,0,,,
366.8,198.88,0.0,,0,,,
366.9,198.88,0.0,,0,,,
367.0,198.41,0.0,,0,,,
367.1,198.41,0.0,,0,,,
367.2,198.41,0.0,,0,,,
367.3,198.41,0.0,,0,,,
367.4,198.41,0.0,,0,,,
367.5,198.88,0.0,,0,,,
367.6,198.41,0.0,,0,,,
367.7,198.88,0.0,,0,,,
367.8,198.88,0.0,,0,,,
367.9,198.88,0.0,,0,,,
368.0,198.88,0.0,,0,,,
368.1,198.88,0.0,,0,,,
368.2,198.41,0.0,,0,,,
368.3,198.41,0.0,,0,,,
368.4,198.41,0.0,,0,,,
368.5,198.41,0.0,,0,,,
368.6,198.41,0.0,,0,,,
368.7,198.41,0.0,,0,,,
368.8,198.41,0.0,,0,,,
368.9,198.88,0.0,,0,,,
369.0,198.41,0.0,,0,,,
369.1,198.41,0.0,,0,,,
369.2,198.41,0.0,,0,,,
369.3,198.88,0.0,,0,,,
369.4,198.41,0.0,,0,,,
369.5,198.41,0.0,,0,,,
369.6,198.41,0.0,,0,,,
369.7,198.41,0.0,,0,,,
369.8,198.41,0.0,,0,,,
369.9,198.41,0.0,,0,,,
370.0,198.41,0.0,,0,,,
370.1,198.88,0.0,,0,,,
370.2,198.41,0.0,,0,,,
370.3,198.41,0.0,,0,,,
370.4,198.41,0.13,,1,,,
370.5,198.41,0.0,,0,,,
370.6,198.41,-0.13,,0,,,
370.7,198.41,0.0,,0,,,
370.8,198.41,0.0,,0,,,
370.9,198.41,0.0,,0,,,
371.0,198.41,0.0,,0,,,
371.1,198.41,0.0,,0,,,
371.2,198.41,0.0,,0,,,
371.3,198.41,0.0,,0,,,
371.4,198.41,0.0,,0,,,
371.5,198.41,0.0,,0,,,
371.6,198.41,0.0,,0,,,
371.7,198.41,0.0,,0,,,
371.8,198.41,0.0,,0,,,
371.9,198.41,0.0,,0,,,
372.0,198.41,0.0,,0,,,
372.1,198.41,0.0,,0,,,
372.2,198.41,0.0,,0,,,
372.3,198.41,0.0,,0,,,
372.4,198.41,0.0,,0,,,
372.5,198.41,0.0,,0,,,
372.6,198.41,0.0,,0,,,
372.7,198.41,0.0,,0,,,
372.8,198.41,0.0,,0,,,
372.9,198.41,0.0,,0,,,
373.0,198.41,0.0,,0,,,
373.1,198.41,0.0,,0,,,
373.2,198.41,0.0,,0,,,
373.3,198.41,0.0,,0,,,
373.4,198.41,0.0,,0,,,
373.5,198.41,0.0,,0,,,
373.6,198.41,0.0,,0,,,
373.7,198.41,0.0,,0,,,
373.8,198.41,0.0,,0,,,
373.9,198.41,0.0,,0,,,
374.0,198.41,0.0,,0,,,
374.1,198.41,0.0,,0,,,
374.2,198.41,0.0,,0,,,
374.3,198.41,0.0,,0,,,
374.4,198.41,0.0,,0,,,
374.5,198.41,0.0,,0,,,
374.6,198.41,0.0,,0,,,
374.7,198.41,0.0,,0,,,
374.8,198.41,0.0,,0,,,
374.9,198.41,0.0,,0,,,
375.0,198.41,0.0,,0,,,
375.1,198.41,0.0,,0,,,
375.2,198.41,0.0,,0,,,
375.3,198.41,0.0,,0,,,
375.4,198.41,0.0,,0,,,
375.5,198.41,0.0,,0,,,
375.6,198.41,0.0,,0,,,
375.7,198.41,0.0,,0,,,
375.8,198.41,0.0,,0,,,
375.9,198.41,0.0,,0,,,
376.0,198.41,0.0,,0,,,
376.1,198.41,0.0,,0,,,
376.2,198.41,0.0,,0,,,
376.3,198.41,0.13,,1,,,
376.4,198.41,-0.13,,0,,,
376.5,198.41,0.0,,0,,,
376.6,198.41,0.0,,0,,,
376.7,198.41,0.0,,0,,,
376.8,198.41,0.0,,0,,,
376.9,198.41,0.0,,0,,,
377.0,198.41,0.0,,0,,,
377.1,198.41,0.0,,0,,,
377.2,198.41,0.0,,0,,,
377.3,198.41,0.0,,0,,,
377.4,198.41,0.0,,0,,,
377.5,198.41,0.0,,0,,,
377.6,198.41,0.0,,0,,,
377.7,198.41,0.0,,0,,,
377.8,198.41,0.0,,0,,,
377.9,198.41,0.0,,0,,,
378.0,198.41,0.0,,0,,,
378.1,198.88,0.0,,0,,,
378.2,198.41,0.0,,0,,,
378.3,198.41,0.0,,0,,,
378.4,198.41,0.0,,0,,,
378.5,198.41,0.0,,0,,,
378.6,198.41,0.0,,0,,,
378.7,198.41,0.0,,0,,,
378.8,198.41,0.0,,0,,,
378.9,198.41,0.0,,0,,,
379.0,198.41,0.0,,0,,,
379.1,198.41,-0.13,,0,,,
379.2,198.41,0.0,,0,,,
379.3,198.41,0.0,,0,,,
379.4,198.41,0.0,,0,,,
379.5,198.41,0.0,,0,,,
379.6,198.41,0.0,,0,,,
379.7,198.41,0.0,,0,,,
379.8,198.41,0.0,,0,,,
379.9,198.41,0.0,,0,,,
380.0,198.88,0.0,,0,,,
380.1,198.41,0.0,,0,,,
380.2,198.41,0.0,,0,,,
380.3,198.88,0.0,,0,,,
380.4,198.41,0.0,,0,,,
380.5,198.88,0.0,,0,,,
380.6,198.88,0.0,,0,,,
380.7,198.41,0.0,,0,,,
380.8,198.88,0.0,,0,,,
380.9,198.88,0.0,,0,,,
381.0,198.41,0.0,,0,,,
381.1,198.41,0.0,,0,,,
381.2,198.88,0.0,,0,,,
381.3,198.88,0.0,,0,,,
381.4,198.88,0.0,,0,,,
381.5,198.88,0.0,,0,,,
381.6,198.41,0.0,,0,,,
381.7,198.41,0.0,,0,,,
381.8,198.41,0.0,,0,,,
381.9,198.88,0.0,,0,,,
382.0,198.88,0.0,,0,,,
382.1,198.88,0.0,,0,,,
382.2,198.88,0.0,,0,,,
382.3,198.41,0.0,,0,,,
382.4,198.88,0.0,,0,,,
382.5,198.88,0.0,,0,,,
382.6,198.88,0.13,,1,,,
382.7,198.41,0.0,,0,,,
382.8,198.41,0.0,,0,,,
382.9,198.41,0.0,,0,,,
383.0,198.88,0.0,,0,,,
383.1,198.88,0.0,,0,,,
383.2,198.88,0.0,,0,,,
383.3,198.88,0.0,,0,,,
383.4,198.88,0.0,,0,,,
383.5,198.88,0.0,,0,,,
383.6,198.88,0.0,,0,,,
383.7,198.88,0.0,,0,,,
383.8,198.88,0.0,,0,,,
383.9,198.88,0.0,,0,,,
384.0,198.88,0.0,,0,,,
384.1,198.88,0.0,,0,,,
384.2,198.88,0.0,,0,,,
384.3,198.88,0.0,,0,,,
384.4,198.88,0.0,,0,,,
384.5,198.41,0.0,,0,,,
384.6,198.88,0.0,,0,,,
384.7,198.88,0.0,,0,,,
384.8,198.88,0.0,,0,,,
384.9,198.41,0.0,,0,,,
385.0,198.41,0.0,,0,,,
385.1,198.41,0.0,,0,,,
385.2,198.88,0.0,,0,,,
385.3,198.88,0.0,,0,,,
385.4,198.88,0.0,,0,,,
385.5,198.88,0.0,,0,,,
385.6,198.41,0.0,,0,,,
385.7,198.88,0.0,,0,,,
385.8,198.41,0.0,,0,,,
385.9,198.88,0.0,,0,,,
386.0,198.88,0.0,,0,,,
386.1,198.88,0.0,,0,,,
386.2,198.41,0.0,,0,,,
386.3,198.88,0.0,,0,,,
386.4,198.88,0.0,,0,,,
386.5,198.88,0.0,,0,,,
386.6,198.88,0.0,,0,,,
386.7,198.88,0.0,,0,,,
386.8,198.88,0.0,,0,,,
386.9,198.88,0.0,,0,,,
387.0,198.88,0.0,,0,,,
387.1,198.88,0.0,,0,,,
387.2,198.41,0.0,,0,,,
387.3,198.88,0.0,,0,,,
387.4,198.41,0.0,,0,,,
387.5,198.88,0.0,,0,,,
387.6,198.88,0.0,,0,,,
387.7,198.88,0.0,,0,,,
387.8,198.88,0.0,,0,,,
387.9,198.88,0.0,,0,,,
388.0,198.88,0.0,,0,,,
388.1,198.88,0.0,,0,,,
388.2,198.88,0.0,,0,,,
388.3,198.88,0.13,,1,,,
388.4,198.88,-0.13,,0,,,
388.5,198.88,0.0,,0,,,
388.6,198.88,0.0,,0,,,
388.7,198.88,0.0,,0,,,
388.8,198.88,0.0,,0,,,
388.9,198.88,0.0,,0,,,
389.0,198.88,0.0,,0,,,
389.1,198.88,0.0,,0,,,
389.2,198.88,0.0,,0,,,
389.3,198.88,0.0,,0,,,
389.4,198.88,0.0,,0,,,
389.5,198.88,0.0,,0,,,
389.6,198.41,0.0,,0,,,
389.7,198.41,0.0,,0,,,
389.8,198.88,0.0,,0,,,
389.9,198.88,0.0,,0,,,
390.0,198.88,0.0,,0,,,
390.1,198.88,0.0,,0,,,
390.2,198.41,0.0,,0,,,
390.3,198.41,0.0,,0,,,
390.4,198.88,0.0,,0,,,
390.5,198.88,0.0,,0,,,
390.6,198.88,0.0,,0,,,
390.7,198.41,0.0,,0,,,
390.8,198.88,0.0,,0,,,
390.9,198.88,0.0,,0,,,
391.0,198.41,0.0,,0,,,
391.1,198.88,0.0,,0,,,
391.2,198.88,0.0,,0,,,
391.3,198.41,0.0,,0,,,
391.4,198.41,0.0,,0,,,
391.5,198.41,0.0,,0,,,
391.6,198.41,0.0,,0,,,
391.7,198.88,0.0,,0,,,
391.8,198.88,0.0,,0,,,
391.9,198.41,0.0,,0,,,
392.0,198.88,0.0,,0,,,
392.1,198.41,0.0,,0,,,
392.2,198.88,0.0,,0,,,
392.3,198.88,0.0,,0,,,
392.4,198.88,0.0,,0,,,
392.5,198.88,0.0,,0,,,
392.6,198.88,0.0,,0,,,
392.7,198.41,0.0,,0,,,
392.8,198.41,0.0,,0,,,
392.9,198.88,0.0,,0,,,
393.0,198.88,0.0,,0,,,
393.1,198.88,0.0,,0,,,
393.2,198.88,0.0,,0,,,
393.3,198.88,0.0,,0,,,
393.4,198.41,0.0,,0,,,
393.5,198.88,0.0,,0,,,
393.6,198.41,0.0,,0,,,
393.7,198.88,0.0,,0,,,
