Timestamp,Temperatura_Hotend,RPM_Motor_DC,Grosor_Filamento,Estado_Motor_DC,Estado_Fan,Estado_Extrusor,Estado_Heater
0,25.58,0.0,,0,0,0,0
1,26.1,0.0,,0,0,0,0
2,25.58,0.0,,0,0,0,0
3,26.1,0.0,,0,0,0,0
4,26.1,0.0,,0,0,0,0
5,26.1,0.0,,0,0,0,0
6,26.1,0.0,,0,0,0,0
7,26.1,0.0,,0,0,0,0
8,26.1,0.0,,0,0,0,0
9,26.1,0.0,,0,0,0,0
10,26.1,0.0,,0,0,0,0
11,26.1,0.0,,0,0,0,1
12,26.1,0.0,,0,0,0,1
13,26.1,0.0,,0,0,0,1
14,26.6,0.0,,0,0,0,1
15,27.1,0.0,,0,0,0,1
16,28.08,0.0,,0,0,0,1
17,29.02,0.0,,0,0,0,1
18,29.48,0.0,,0,0,0,1
19,30.82,0.0,,0,0,0,1
20,31.69,0.0,,0,0,0,1
21,32.53,0.0,,0,0,0,1
22,33.75,0.0,,0,0,0,1
23,34.54,0.0,,0,0,0,1
24,36.07,0.0,,0,0,0,1
25,36.81,0.0,,0,0,0,1
26,38.23,0.0,,0,0,0,1
27,39.27,0.0,,0,0,0,1
28,40.27,0.0,,0,0,0,1
29,41.25,0.0,,0,0,0,1
30,42.51,0.0,,0,0,0,1
31,43.43,0.0,,0,0,0,1
32,44.62,0.0,,0,0,0,1
33,45.78,0.0,,0,0,0,1
34,46.62,0.0,,0,0,0,1
35,47.72,0.0,,0,0,0,1
36,49.05,0.0,,0,0,0,1
37,49.83,0.0,,0,0,0,1
38,51.09,0.0,,0,0,0,1
39,52.08,0.0,,0,0,0,1
40,53.28,0.0,,0,0,0,1
41,54.22,0.0,,0,0,0,1
42,55.37,0.0,,0,0,0,1
43,56.27,0.0,,0,0,0,1
44,57.36,0.0,,0,0,0,1
45,58.44,0.0,,0,0,0,1
46,59.28,0.0,,0,0,0,1
47,60.52,0.0,,0,0,0,1
48,61.53,0.0,,0,0,0,1
49,62.52,0.0,,0,0,0,1
50,63.5,0.0,,0,0,0,1
51,64.45,0.0,,0,0,0,1
52,65.39,0.0,,0,0,0,1
53,66.5,0.0,,0,0,0,1
54,67.41,0.0,,0,0,0,1
55,68.49,0.0,,0,0,0,1
56,69.37,0.0,,0,0,0,1
57,70.41,0.0,,0,0,0,1
58,71.44,0.0,,0,0,0,1
59,72.29,0.0,,0,0,0,1
60,73.29,0.0,,0,0,0,1
61,74.28,0.0,,0,0,0,1
62,75.25,0.0,,0,0,0,1
63,76.06,0.0,,0,0,0,1
64,77.17,0.0,,0,0,0,1
65,78.12,0.0,,0,0,0,1
66,78.9,0.0,,0,0,0,1
67,79.98,0.0,,0,0,0,1
68,80.89,0.0,,0,0,0,1
69,81.8,0.0,,0,0,0,1
70,82.7,0.0,,0,0,0,1
71,83.6,0.0,,0,0,0,1
72,84.49,0.0,,0,0,0,1
73,85.37,0.0,,0,0,0,1
74,86.24,0.0,,0,0,0,1
75,87.11,0.0,,0,0,0,1
76,87.98,0.0,,0,0,0,1
77,88.99,0.0,,0,0,0,1
78,89.84,0.0,,0,0,0,1
79,90.69,0.0,,0,0,0,1
80,91.54,0.0,,0,0,0,1
81,92.39,0.0,,0,0,0,1
82,93.23,0.0,,0,0,0,1
83,94.21,0.0,,0,0,0,1
84,95.05,0.0,,0,0,0,1
85,95.89,0.0,,0,0,0,1
86,96.72,0.0,,0,0,0,1
87,97.55,0.0,,0,0,0,1
88,98.38,0.0,,0,0,0,1
89,99.21,0.0,,0,0,0,1
90,100.18,0.0,,0,0,0,1
91,101.01,0.0,,0,0,0,1
92,101.84,0.0,,0,0,0,1
93,102.67,0.0,,0,0,0,1
94,103.5,0.0,,0,0,0,1
95,104.19,0.0,,0,0,0,1
96,105.02,0.0,,0,0,0,1
97,105.85,0.0,,0,0,0,1
98,106.68,0.0,,0,0,0,1
99,107.51,0.0,,0,0,0,1
100,108.35,0.0,,0,0,0,1
101,109.05,0.0,,0,0,0,1
102,109.89,0.0,,0,0,0,1
103,110.73,0.0,,0,0,0,1
104,111.43,0.0,,0,0,0,1
105,112.28,0.0,,0,0,0,1
106,112.99,0.0,,0,0,0,1
107,113.84,0.0,,0,0,0,1
108,114.7,0.0,,0,0,0,1
109,115.41,0.0,,0,0,0,1
110,116.13,0.0,,0,0,0,1
111,116.85,0.0,,0,0,0,1
112,117.72,0.0,,0,0,0,1
113,118.45,0.0,,0,0,0,1
114,119.19,0.0,,0,0,0,1
115,119.92,0.0,,0,0,0,1
116,120.66,0.0,,0,0,0,1
117,121.41,0.0,,0,0,0,1
118,122.15,0.0,,0,0,0,1
119,123.06,0.0,,0,0,0,1
120,123.66,0.0,,0,0,0,1
121,124.42,0.0,,0,0,0,1
122,125.19,0.0,,0,0,0,1
123,125.81,0.0,,0,0,0,1
124,126.58,0.0,,0,0,0,1
125,127.21,0.0,,0,0,0,1
126,127.99,0.0,,0,0,0,1
127,128.79,0.0,,0,0,0,1
128,129.42,0.0,,0,0,0,1
129,130.07,0.0,,0,0,0,1
130,130.88,0.0,,0,0,0,1
131,131.53,0.0,,0,0,0,1
132,132.18,0.0,,0,0,0,1
133,133.01,0.0,,0,0,0,1
134,133.68,0.0,,0,0,0,1
135,134.35,0.0,,0,0,0,1
136,135.02,0.0,,0,0,0,1
137,135.71,0.0,,0,0,0,1
138,136.39,0.0,,0,0,0,1
139,137.09,0.0,,0,0,0,1
140,137.79,0.0,,0,0,0,1
141,138.49,0.0,,0,0,0,1
142,139.02,0.0,,0,0,0,1
143,139.74,0.0,,0,0,0,1
144,140.46,0.0,,0,0,0,1
145,141.0,0.0,,0,0,0,1
146,141.74,0.0,,0,0,0,1
147,142.48,0.0,,0,0,0,1
148,143.04,0.0,,0,0,0,1
149,143.6,0.0,,0,0,0,1
150,144.36,0.0,,0,0,0,1
151,144.94,0.0,,0,0,0,1
152,145.52,0.0,,0,0,0,1
153,146.29,0.0,,0,0,0,1
154,146.88,0.0,,0,0,0,1
155,147.48,0.0,,0,0,0,1
156,148.08,0.0,,0,0,0,1
157,148.68,0.0,,0,0,0,1
158,149.29,0.0,,0,0,0,1
159,149.91,0.0,,0,0,0,1
160,150.74,0.0,,0,0,0,1
161,151.16,0.0,,0,0,0,1
162,151.79,0.0,,0,0,0,1
163,152.43,0.0,,0,0,0,1
164,153.07,0.0,,0,0,0,1
165,153.72,0.0,,0,0,0,1
166,154.16,0.0,,0,0,0,1
167,154.82,0.0,,0,0,0,1
168,155.26,0.0,,0,0,0,1
169,155.94,0.0,,0,0,0,1
170,156.62,0.0,,0,0,0,1
171,157.07,0.0,,0,0,0,1
172,157.77,0.0,,0,0,0,1
173,158.23,0.0,,0,0,0,1
174,158.94,0.0,,0,0,0,1
175,159.41,0.0,,0,0,0,1
176,160.13,0.0,,0,0,0,1
177,160.61,0.0,,0,0,0,1
178,161.1,0.0,,0,0,0,1
179,161.84,0.0,,0,0,0,1
180,162.33,0.0,,0,0,0,1
181,162.83,0.0,,0,0,0,1
182,163.34,0.0,,0,0,0,1
183,163.85,0.0,,0,0,0,1
184,164.62,0.0,,0,0,0,1
185,165.14,0.0,,0,0,0,1
186,165.66,0.0,,0,0,0,1
187,166.19,0.0,,0,0,0,1
188,166.72,0.0,,0,0,0,1
189,167.26,0.0,,0,0,0,1
190,167.81,0.0,,0,0,0,1
191,168.35,0.0,,0,0,0,1
192,168.63,0.0,,0,0,0,1
193,169.46,0.0,,0,0,0,1
194,169.75,0.0,,0,0,0,1
195,170.31,0.0,,0,0,0,1
196,170.88,0.0,,0,0,0,1
197,171.46,0.0,,0,0,0,1
198,171.75,0.0,,0,0,0,1
199,172.34,0.0,,0,0,0,1
200,172.93,0.0,,0,0,0,1
201,173.23,0.0,,0,0,0,1
202,173.83,0.0,,0,0,0,1
203,174.44,0.0,,0,0,0,1
204,174.74,0.0,,0,0,0,1
205,175.36,0.0,,0,0,0,1
206,175.98,0.0,,0,0,0,1
207,176.3,0.0,,0,0,0,1
208,176.93,0.0,,0,0,0,1
209,177.25,0.0,,0,0,0,1
210,177.9,0.0,,0,0,0,1
211,178.55,0.0,,0,0,0,1
212,178.88,0.0,,0,0,0,1
213,179.21,0.0,,0,0,0,1
214,179.88,0.0,,0,0,0,1
215,180.21,0.0,,0,0,0,1
216,180.55,0.0,,0,0,0,1
217,181.24,0.0,,0,0,0,1
218,181.58,0.0,,0,0,0,1
219,182.28,0.0,,0,0,0,1
220,182.63,0.0,,0,0,0,1
221,182.98,0.0,,0,0,0,1
222,183.34,0.0,,0,0,0,1
223,184.06,0.0,,0,0,0,1
224,184.42,0.0,,0,0,0,1
225,184.78,0.0,,0,0,0,1
226,185.52,0.0,,0,0,0,1
227,185.89,0.0,,0,0,0,1
228,186.27,0.0,,0,0,0,1
229,186.65,0.0,,0,0,0,1
230,187.03,0.0,,0,0,0,1
231,187.79,0.0,,0,0,0,1
232,188.18,0.0,,0,0,0,1
233,188.57,0.0,,0,0,0,1
234,188.97,0.0,,0,0,0,1
235,189.36,0.0,,0,0,0,1
236,189.76,0.0,,0,0,0,1
237,190.16,0.0,,0,0,0,1
238,190.57,0.0,,0,0,0,1
239,190.98,0.0,,0,0,0,1
240,191.39,0.0,,0,0,0,1
241,191.8,0.0,,0,0,0,1
242,192.22,0.0,,0,0,0,1
243,192.64,0.0,,0,0,0,1
244,193.06,0.0,,0,0,0,1
245,193.49,0.0,,0,0,0,1
246,193.92,0.0,,0,0,0,1
247,194.35,0.0,,0,0,0,1
248,194.79,0.0,,0,0,0,1
249,195.23,0.0,,0,0,0,1
250,195.67,0.0,,0,0,0,1
251,196.12,0.0,,0,0,0,1
252,196.57,0.0,,0,0,0,1
253,196.57,0.0,,0,0,0,1
254,197.02,0.0,,0,0,0,1
255,197.95,0.0,,0,0,0,1
256,197.95,0.0,,0,0,0,1
257,198.41,0.0,,0,0,0,1
258,198.88,0.0,,0,0,0,1
259,198.88,0.0,,0,0,0,1
260,199.84,0.0,,0,0,0,1
261,200.32,0.0,,0,0,0,1
262,200.32,0.0,,0,0,0,1
263,200.81,0.0,,0,0,0,1
264,201.3,0.0,,0,0,0,1
265,201.79,0.0,,0,0,0,1
266,201.79,0.0,,0,0,0,1
267,202.29,0.0,,0,0,0,1
268,202.29,0.0,,0,0,0,1
269,202.8,0.0,,0,0,0,1
270,203.31,0.0,,0,0,0,1
271,203.82,0.0,,0,0,0,1
272,203.82,0.0,,0,0,0,1
273,204.34,0.0,,0,0,0,1
274,204.87,0.0,,0,0,0,1
275,204.87,0.0,,0,0,0,1
276,205.4,0.0,,0,0,0,1
277,205.93,0.0,,0,0,0,1
278,205.93,0.0,,0,0,0,1
279,206.47,0.0,,0,0,0,1
280,207.02,0.0,,0,0,0,1
281,207.02,0.0,,0,0,0,1
282,207.57,0.0,,0,0,0,1
283,208.12,0.0,,0,0,0,1
284,208.12,0.0,,0,0,0,1
285,208.69,0.0,,0,0,0,1
286,208.69,0.0,,0,0,0,1
287,209.25,0.0,,0,0,0,1
288,209.25,0.0,,0,0,0,1
289,209.83,0.0,,0,0,0,1
290,209.83,0.0,,0,0,0,1
291,210.41,0.0,,0,0,0,1
292,210.41,0.0,,0,0,0,1
293,210.99,0.0,,0,0,0,1
294,210.99,0.0,,0,0,0,1
295,211.59,0.0,,0,0,0,1
296,211.59,0.0,,0,0,0,1
297,211.59,0.0,,0,0,0,1
298,212.19,0.0,,0,0,0,1
299,212.79,0.0,,0,0,0,1
300,212.79,0.0,,0,0,0,1
301,213.4,0.0,,0,0,0,1
302,213.4,0.0,,0,0,0,1
303,213.4,0.0,,0,0,0,1
304,214.02,0.0,,0,0,0,1
305,214.02,0.0,,0,0,0,1
306,214.65,0.0,,0,0,0,1
307,214.65,0.0,,0,0,0,1
308,214.65,0.0,,0,0,0,1
309,215.28,0.0,,0,0,0,1
310,215.28,0.0,,0,0,0,1
311,215.28,0.0,,0,0,0,1
312,215.28,0.0,,0,0,0,1
313,215.92,0.0,,0,0,0,1
314,215.92,0.0,,0,0,0,1
315,215.92,0.0,,0,0,0,1
316,215.92,0.0,,0,0,0,1
317,215.92,0.0,,0,0,0,1
318,216.57,0.0,,0,0,0,1
319,216.57,0.0,,0,0,0,1
320,216.57,0.0,,0,0,0,1
321,217.23,0.0,,0,0,0,1
322,217.23,0.0,,0,0,0,1
323,217.23,0.0,,0,0,0,1
324,217.23,0.0,,0,0,0,1
325,217.89,0.0,,0,0,0,1
326,217.23,0.0,,0,0,0,1
327,217.89,0.0,,0,0,0,1
328,217.89,0.0,,0,0,0,1
329,217.89,0.0,,0,0,0,1
330,217.89,0.0,,0,0,0,1
331,217.89,0.0,,0,0,0,1
332,218.57,0.0,,0,0,0,1
333,218.57,0.0,,0,0,0,1
334,218.57,0.0,,0,0,0,1
335,218.57,0.0,,0,0,0,1
336,218.57,0.0,,0,0,0,1
337,218.57,0.0,,0,0,0,1
338,219.25,0.0,,0,0,0,1
339,218.57,0.0,,0,0,0,1
340,219.25,0.0,,0,0,0,1
341,219.25,0.0,,0,0,0,1
342,219.25,0.0,,0,0,0,1
343,219.25,0.0,,0,0,0,1
344,219.25,0.0,,0,0,0,1
345,219.25,0.0,,0,0,0,1
346,219.25,0.0,,0,0,0,1
347,219.25,0.0,,0,0,0,1
348,219.25,0.0,,0,0,0,1
349,219.94,0.0,,0,0,0,1
350,219.94,0.0,,0,0,0,1
351,219.94,0.0,,0,0,0,1
352,219.94,0.0,,0,0,0,1
353,219.94,0.0,,0,0,0,1
354,219.94,0.0,,0,0,0,1
355,220.63,0.0,,0,0,0,1
356,220.63,0.0,,0,0,0,1
357,220.63,0.0,,0,0,0,1
358,220.63,0.0,,0,0,0,1
359,220.63,0.0,,0,0,0,1
360,220.63,0.0,,0,0,0,1
361,220.63,0.0,,0,0,0,1
362,220.63,0.0,,0,0,0,1
363,220.63,0.0,,0,0,0,1
364,220.63,0.0,,0,0,0,1
365,221.34,0.0,,0,0,0,1
366,221.34,0.0,,0,0,0,1
367,221.34,0.0,,0,0,0,1
368,221.34,0.0,,0,0,0,1
369,221.34,0.0,,0,0,0,1
370,221.34,0.0,,0,0,0,1
371,221.34,0.0,,0,0,0,1
372,221.34,0.0,,0,0,0,1
373,221.34,0.0,,0,0,0,1
374,221.34,0.0,,0,0,0,1
375,221.34,0.0,,0,0,0,1
376,221.34,0.0,,0,0,0,1
377,221.34,0.0,,0,0,0,1
378,221.34,0.0,,0,0,0,1
379,222.06,0.0,,0,0,0,1
380,222.06,0.0,,0,0,0,1
381,221.34,0.0,,0,0,0,1
382,222.06,0.0,,0,0,0,1
383,222.06,0.0,,0,0,0,1
384,222.06,0.0,,0,0,0,1
385,222.06,0.0,,0,0,0,1
386,222.06,0.0,,0,0,0,1
387,222.06,0.0,,0,0,0,1
388,222.06,0.0,,0,0,0,1
389,222.06,0.0,,0,0,0,1
390,222.06,0.0,,0,0,0,1
391,222.06,0.0,,0,0,0,1
392,222.06,0.0,,0,0,0,1
393,222.06,0.0,,0,0,0,1
394,222.06,0.0,,0,0,0,1
395,222.06,0.0,,0,0,0,1
396,222.06,0.0,,0,0,0,1
397,222.06,0.0,,0,0,0,1
398,222.06,0.0,,0,0,0,1
399,222.78,0.0,,0,0,0,1
400,222.06,0.0,,0,0,0,1
401,222.06,0.0,,0,0,0,1
402,222.06,0.0,,0,0,0,1
403,222.78,0.0,,0,0,0,1
404,222.78,0.0,,0,0,0,1
405,222.06,0.0,,0,0,0,1
406,222.78,0.0,,0,0,0,1
407,222.78,0.0,,0,0,0,1
408,222.78,0.0,,0,0,0,1
409,222.78,0.0,,0,0,0,1
410,222.78,0.0,,0,0,0,1
411,222.78,0.0,,0,0,0,1
412,222.06,0.0,,0,0,0,1
413,222.78,0.0,,0,0,0,1
414,222.78,0.0,,0,0,0,1
415,222.78,0.0,,0,0,0,1
416,222.78,0.0,,0,0,0,1
417,222.78,0.0,,0,0,0,1
418,222.78,0.0,,0,0,0,1
419,222.78,0.0,,0,0,0,1
420,222.78,0.0,,0,0,0,1
421,222.78,0.0,,0,0,0,1
422,222.78,0.0,,0,0,0,1
423,222.78,0.0,,0,0,0,1
424,222.78,0.0,,0,0,0,1
425,222.78,0.0,,0,0,0,1
426,222.78,0.0,,0,0,0,1
427,222.78,0.0,,0,0,0,1
428,222.78,0.0,,0,0,0,1
429,222.06,0.0,,0,0,0,1
430,222.78,0.0,,0,0,0,1
431,222.78,0.0,,0,0,0,1
432,222.78,0.0,,0,0,0,1
433,222.78,0.0,,0,0,0,1
434,222.78,0.0,,0,0,0,1
435,222.78,0.0,,0,0,0,1
436,222.78,0.0,,0,0,0,1
437,222.78,0.0,,0,0,0,1
438,222.78,0.0,,0,0,0,1
439,222.78,0.0,,0,0,0,1
440,222.78,0.0,,0,0,0,1
441,222.78,0.0,,0,0,0,1
442,222.78,0.0,,0,0,0,1
443,222.78,0.0,,0,0,0,1
444,222.78,0.0,,0,0,0,1
445,222.78,0.0,,0,0,0,1
446,222.78,0.0,,0,0,0,1
447,222.78,0.0,,0,0,0,1
448,222.78,0.0,,0,0,0,1
449,222.78,0.0,,0,0,0,1
450,222.78,0.0,,0,0,0,1
451,222.78,0.0,,0,0,0,1
452,222.78,0.0,,0,0,0,1
453,222.78,0.0,,0,0,0,1
454,222.78,0.0,,0,0,0,1
455,222.78,0.0,,0,0,0,1
456,222.78,0.0,,0,0,0,1
457,222.78,0.0,,0,0,0,1
458,222.78,0.0,,0,0,0,1
459,222.78,0.0,,0,0,0,1
460,222.78,0.0,,0,0,0,1
461,222.78,0.0,,0,0,0,1
462,222.78,0.0,,0,0,0,1
463,222.78,0.0,,0,0,0,1
464,222.78,0.0,,0,0,0,1
465,222.78,0.0,,0,0,0,1
466,222.78,0.0,,0,0,0,1
467,222.78,0.0,,0,0,0,1
468,222.78,0.0,,0,0,0,1
469,222.78,0.0,,0,0,0,1
470,222.78,0.0,,0,0,0,1
471,222.78,0.0,,0,0,0,1
472,222.78,0.0,,0,0,0,1
473,222.78,0.0,,0,0,0,1
474,222.78,0.0,,0,0,0,1
475,222.78,0.0,,0,0,0,1
476,222.78,0.0,,0,0,0,1
477,222.78,0.0,,0,0,0,1
478,222.78,0.0,,0,0,0,1
479,222.78,0.0,,0,0,0,1
480,222.78,0.0,,0,0,0,1
481,222.78,0.0,,0,0,0,1
482,222.78,0.0,,0,0,0,1
483,222.78,0.0,,0,0,0,1
484,222.78,0.0,,0,0,0,1
485,222.78,0.0,,0,0,0,1
486,222.78,0.0,,0,0,0,1
487,222.78,0.0,,0,0,0,1
488,222.78,0.0,,0,0,0,1
489,222.78,0.0,,0,0,0,1
490,222.78,0.0,,0,0,0,1
491,222.78,0.0,,0,0,0,1
492,222.78,0.0,,0,0,0,1
493,222.78,0.0,,0,0,0,1
494,222.78,0.0,,0,0,0,1
495,222.78,0.0,,0,0,0,1
496,222.78,0.0,,0,0,0,1
497,222.78,0.0,,0,0,0,1
498,223.52,0.0,,0,0,0,1
499,222.78,0.0,,0,0,0,1
500,222.78,0.0,,0,0,0,1
501,222.78,0.0,,0,0,0,1
502,222.78,0.0,,0,0,0,1
503,222.78,0.0,,0,0,0,1
504,222.78,0.0,,0,0,0,1
505,222.78,0.0,,0,0,0,1
506,222.78,0.0,,0,0,0,1
507,222.78,0.0,,0,0,0,1
508,222.78,0.0,,0,0,0,1
509,222.78,0.0,,0,0,0,1
510,222.78,0.0,,0,0,0,1
511,222.78,0.0,,0,0,0,1
512,222.78,0.0,,0,0,0,1
513,222.78,0.0,,0,0,0,1
514,222.78,0.0,,0,0,0,1
515,223.52,0.0,,0,0,0,1
516,223.52,0.0,,0,0,0,1
517,222.78,0.0,,0,0,0,1
518,222.78,0.0,,0,0,0,1
519,222.78,0.0,,0,0,0,1
520,222.78,0.0,,0,0,0,1
521,223.52,0.0,,0,0,0,1
522,222.78,0.0,,0,0,0,1
523,223.52,0.0,,0,0,0,1
524,222.78,0.0,,0,0,0,1
525,222.78,0.0,,0,0,0,1
526,223.52,0.0,,0,0,0,1
527,222.78,0.0,,0,0,0,1
528,222.78,0.0,,0,0,0,1
529,222.78,0.0,,0,0,0,1
530,222.78,0.0,,0,0,0,1
531,222.78,0.0,,0,0,0,1
532,222.78,0.0,,0,0,0,1
533,222.78,0.0,,0,0,0,1
534,222.78,0.0,,0,0,0,1
535,222.78,0.0,,0,0,0,1
536,222.78,0.0,,0,0,0,1
537,222.78,0.0,,0,0,0,1
538,222.78,0.0,,0,0,0,1
539,222.78,0.0,,0,0,0,1
540,222.78,0.0,,0,0,0,1
541,222.78,0.0,,0,0,0,1
542,222.78,0.0,,0,0,0,1
543,222.78,0.0,,0,0,0,1
544,223.52,0.0,,0,0,0,1
545,222.78,0.0,,0,0,0,1
546,223.52,0.0,,0,0,0,1
547,222.78,0.0,,0,0,0,1
548,223.52,0.0,,0,0,0,1
549,223.52,0.0,,0,0,0,1
550,223.52,0.0,,0,0,0,1
551,223.52,0.0,,0,0,0,1
552,222.78,0.0,,0,0,0,1
553,223.52,0.0,,0,0,0,1
554,222.78,0.0,,0,0,0,1
555,223.52,0.0,,0,0,0,1
556,223.52,0.0,,0,0,0,1
557,222.78,0.0,,0,0,0,1
558,222.78,0.0,,0,0,0,1
559,222.78,0.0,,0,0,0,1
560,222.78,0.0,,0,0,0,1
561,223.52,0.0,,0,0,0,1
562,222.78,0.0,,0,0,0,1
563,222.78,0.0,,0,0,0,1
564,222.78,0.0,,0,0,0,1
565,222.78,0.0,,0,0,0,1
566,222.78,0.0,,0,0,0,1
567,222.78,0.0,,0,0,0,1
568,223.52,0.0,,0,0,0,1
569,222.78,0.0,,0,0,0,1
570,222.78,0.0,,0,0,0,1
571,222.78,0.0,,0,0,0,1
572,222.78,0.0,,0,0,0,1
573,223.52,0.0,,0,0,0,1
574,222.78,0.0,,0,0,0,1
575,222.78,0.0,,0,0,0,1
576,222.78,0.0,,0,0,0,1
577,222.78,0.0,,0,0,0,1
578,222.78,0.0,,0,0,0,1
579,222.78,0.0,,0,0,0,1
580,222.78,0.0,,0,0,0,1
581,222.78,0.0,,0,0,0,1
582,222.78,0.0,,0,0,0,1
583,222.78,0.0,,0,0,0,1
584,222.78,0.0,,0,0,0,1
585,222.78,0.0,,0,0,0,1
586,222.78,0.0,,0,0,0,1
587,222.78,0.0,,0,0,0,1
588,222.78,0.0,,0,0,0,1
589,222.78,0.0,,0,0,0,1
590,222.78,0.0,,0,0,0,1
591,222.78,0.0,,0,0,0,1
592,222.78,0.0,,0,0,0,1
593,222.78,0.0,,0,0,0,1
594,222.78,0.0,,0,0,0,1
595,222.78,0.0,,0,0,0,1
596,222.78,0.0,,0,0,0,1
597,222.78,0.0,,0,0,0,1
598,222.78,0.0,,0,0,0,1
599,222.78,0.0,,0,0,0,1
600,222.78,0.0,,0,0,0,1
601,222.78,0.0,,0,0,0,1
602,222.78,0.0,,0,0,0,1
603,223.52,0.0,,0,0,0,1
604,222.78,0.0,,0,0,0,1
605,222.78,0.0,,0,0,0,1
606,222.78,0.0,,0,0,0,1
607,222.78,0.0,,0,0,0,1
608,222.78,0.0,,0,0,0,1
609,222.78,0.0,,0,0,0,1
610,222.78,0.0,,0,0,0,1
611,222.78,0.0,,0,0,0,1
612,223.52,0.0,,0,0,0,1
613,223.52,0.0,,0,0,0,1
614,222.78,0.0,,0,0,0,1
615,222.78,0.0,,0,0,0,1
616,222.78,0.0,,0,0,0,1
617,222.78,0.0,,0,0,0,1
618,222.78,0.0,,0,0,0,1
619,222.78,0.0,,0,0,0,1
620,222.78,0.0,,0,0,0,1
621,222.78,0.0,,0,0,0,1
622,222.78,0.0,,0,0,0,1
623,222.78,0.0,,0,0,0,1
624,223.52,0.0,,0,0,0,1
625,223.52,0.0,,0,0,0,1
626,223.52,0.0,,0,0,0,1
627,223.52,0.0,,0,0,0,1
628,222.78,0.0,,0,0,0,1
629,223.52,0.0,,0,0,0,1
630,223.52,0.0,,0,0,0,1
631,223.52,0.0,,0,0,0,1
632,223.52,0.0,,0,0,0,1
633,223.52,0.0,,0,0,0,1
634,222.78,0.0,,0,0,0,1
635,223.52,0.0,,0,0,0,1
636,223.52,0.0,,0,0,0,1
637,223.52,0.0,,0,0,0,1
638,222.78,0.0,,0,0,0,1
639,222.78,0.0,,0,0,0,1
640,223.52,0.0,,0,0,0,1
641,222.78,0.0,,0,0,0,1
642,223.52,0.0,,0,0,0,1
643,222.78,0.0,,0,0,0,1
644,223.52,0.0,,0,0,0,1
645,223.52,0.0,,0,0,0,1
646,222.78,0.0,,0,0,0,1
647,223.52,0.0,,0,0,0,1
648,222.78,0.0,,0,0,0,1
649,223.52,0.0,,0,0,0,1
650,223.52,0.0,,0,0,0,1
651,223.52,0.0,,0,0,0,1
652,223.52,0.0,,0,0,0,1
653,223.52,0.0,,0,0,0,1
654,223.52,0.0,,0,0,0,1
655,223.52,0.0,,0,0,0,1
656,222.78,0.0,,0,0,0,1
657,223.52,0.0,,0,0,0,1
658,222.78,0.0,,0,0,0,1
659,223.52,0.0,,0,0,0,1
660,222.78,0.0,,0,0,0,1
661,223.52,0.0,,0,0,0,1
662,222.78,0.0,,0,0,0,1
663,223.52,0.0,,0,0,0,1
664,223.52,0.0,,0,0,0,1
665,223.52,0.0,,0,0,0,1
666,222.78,0.0,,0,0,0,1
667,223.52,0.0,,0,0,0,1
668,223.52,0.0,,0,0,0,1
669,223.52,0.0,,0,0,0,1
670,223.52,0.0,,0,0,0,1
671,223.52,0.0,,0,0,0,1
672,223.52,0.0,,0,0,0,1
673,223.52,0.0,,0,0,0,1
674,223.52,0.0,,0,0,0,1
675,223.52,0.0,,0,0,0,1
676,223.52,0.0,,0,0,0,1
677,223.52,0.0,,0,0,0,1
678,223.52,0.0,,0,0,0,1
679,223.52,0.0,,0,0,0,1
680,223.52,0.0,,0,0,0,1
681,223.52,0.0,,0,0,0,1
682,223.52,0.0,,0,0,0,1
683,223.52,0.0,,0,0,0,1
684,223.52,0.0,,0,0,0,1
685,223.52,0.0,,0,0,0,1
686,223.52,0.0,,0,0,0,1
687,223.52,0.0,,0,0,0,1
688,223.52,0.0,,0,0,0,1
689,223.52,0.0,,0,0,0,1
690,223.52,0.0,,0,0,0,1
691,223.52,0.0,,0,0,0,1
692,223.52,0.0,,0,0,0,1
693,223.52,0.0,,0,0,0,1
694,223.52,0.0,,0,0,0,1
695,223.52,0.0,,0,0,0,1
696,223.52,0.0,,0,0,0,1
697,223.52,0.0,,0,0,0,1
698,223.52,0.0,,0,0,0,1
699,223.52,0.0,,0,0,0,1
700,223.52,0.0,,0,0,0,1
701,223.52,0.0,,0,0,0,1
702,223.52,0.0,,0,0,0,1
703,223.52,0.0,,0,0,0,1
704,223.52,0.0,,0,0,0,1
705,223.52,0.0,,0,0,0,1
706,223.52,0.0,,0,0,0,1
707,223.52,0.0,,0,0,0,1
708,223.52,0.0,,0,0,0,1
709,223.52,0.0,,0,0,0,1
710,222.78,0.0,,0,0,0,1
711,223.52,0.0,,0,0,0,1
712,222.78,0.0,,0,0,0,1
713,223.52,0.0,,0,0,0,1
714,223.52,0.0,,0,0,0,1
715,223.52,0.0,,0,0,0,1
716,223.52,0.0,,0,0,0,1
717,223.52,0.0,,0,0,0,1
718,223.52,0.0,,0,0,0,1
719,223.52,0.0,,0,0,0,1
720,223.52,0.0,,0,0,0,1
721,223.52,0.0,,0,0,0,1
722,223.52,0.0,,0,0,0,1
723,222.78,0.0,,0,0,0,1
724,223.52,0.0,,0,0,0,1
725,223.52,0.0,,0,0,0,1
726,223.52,0.0,,0,0,0,1
727,223.52,0.0,,0,0,0,0
728,223.52,0.0,,0,0,0,0
729,223.52,0.0,,0,0,0,0
730,222.78,0.0,,0,0,0,0
731,222.06,0.0,,0,0,0,0
732,222.06,0.0,,0,0,0,0
733,221.34,0.0,,0,0,0,0
734,220.63,0.0,,0,0,0,0
735,220.63,0.0,,0,0,0,0
736,219.94,0.0,,0,0,0,0
737,219.25,0.0,,0,0,0,0
738,217.89,0.0,,0,0,0,0
739,217.23,0.0,,0,0,0,0
740,216.57,0.0,,0,0,0,0
741,215.92,0.0,,0,0,0,0
742,215.28,0.0,,0,0,0,0
743,214.65,0.0,,0,0,0,0
744,214.02,0.0,,0,0,0,0
745,213.4,0.0,,0,0,0,0
746,212.19,0.0,,0,0,0,0
747,211.59,0.0,,0,0,0,0
748,210.99,0.0,,0,0,0,0
749,210.41,0.0,,0,0,0,0
750,209.25,0.0,,0,0,0,0
751,209.25,0.0,,0,0,0,0
752,208.12,0.0,,0,0,0,0
753,207.57,0.0,,0,0,0,0
754,206.47,0.0,,0,0,0,0
755,205.93,0.0,,0,0,0,0
756,205.4,0.0,,0,0,0,0
757,204.34,0.0,,0,0,0,0
758,203.82,0.0,,0,0,0,0
759,202.8,0.0,,0,0,0,0
760,202.29,0.0,,0,0,0,0
761,201.79,0.0,,0,0,0,0
762,200.81,0.0,,0,0,0,0
763,200.32,0.0,,0,0,0,0
764,199.84,0.0,,0,0,0,0
765,198.88,0.0,,0,0,0,0
766,197.95,0.0,,0,0,0,0
767,197.48,0.0,,0,0,0,0
768,197.02,0.0,,0,0,0,0
769,196.12,0.0,,0,0,0,0
770,195.67,0.0,,0,0,0,0
771,194.79,0.0,,0,0,0,0
772,194.35,0.0,,0,0,0,0
773,193.49,0.0,,0,0,0,0
774,193.06,0.0,,0,0,0,0
775,192.22,0.0,,0,0,0,0
776,191.8,0.0,,0,0,0,0
777,190.98,0.0,,0,0,0,0
778,190.57,0.0,,0,0,0,0
779,189.76,0.0,,0,0,0,0
780,188.97,0.0,,0,0,0,0
781,188.57,0.0,,0,0,0,0
782,187.79,0.0,,0,0,0,0
783,187.03,0.0,,0,0,0,0
784,186.65,0.0,,0,0,0,0
785,185.89,0.0,,0,0,0,0
786,185.15,0.0,,0,0,0,0
787,184.78,0.0,,0,0,0,0
788,184.06,0.0,,0,0,0,0
789,183.34,0.0,,0,0,0,0
790,182.98,0.0,,0,0,0,0
791,182.28,0.0,,0,0,0,0
792,181.58,0.0,,0,0,0,0
793,181.24,0.0,,0,0,0,0
794,180.55,0.0,,0,0,0,0
795,179.88,0.0,,0,0,0,0
796,179.21,0.0,,0,0,0,0
797,178.88,0.0,,0,0,0,0
798,178.22,0.0,,0,0,0,0
799,177.57,0.0,,0,0,0,0
800,176.93,0.0,,0,0,0,0
801,176.62,0.0,,0,0,0,0
802,175.98,0.0,,0,0,0,0
803,175.36,0.0,,0,0,0,0
804,174.74,0.0,,0,0,0,0
805,174.13,0.0,,0,0,0,0
806,173.83,0.0,,0,0,0,0
807,173.23,0.0,,0,0,0,0
808,172.63,0.0,,0,0,0,0
